Yarn Demand Report,Unnamed: 1,Unnamed: 2,Unnamed: 3,Unnamed: 4,Unnamed: 5,Unnamed: 6,Unnamed: 7,Unnamed: 8,Unnamed: 9,Unnamed: 10,Unnamed: 11,Unnamed: 12,Unnamed: 13,Unnamed: 14,Unnamed: 15,Unnamed: 16,Unnamed: 17,Unnamed: 18,Unnamed: 19,Unnamed: 20,Unnamed: 21,Unnamed: 22,Unnamed: 23,Unnamed: 24,Unnamed: 25,Unnamed: 26,Unnamed: 27,Unnamed: 28,Unnamed: 29,Unnamed: 30,Unnamed: 31,Unnamed: 32,Unnamed: 33,Unnamed: 34,Unnamed: 35,Unnamed: 36,Unnamed: 37,Unnamed: 38,Unnamed: 39,Unnamed: 40,Unnamed: 41,Unnamed: 42,Unnamed: 43,Unnamed: 44,Unnamed: 45,Unnamed: 46,Unnamed: 47,Unnamed: 48
,,,,,,,,,,,,,,,,,,,,,,,,,,,,,,,,,,,,,,,,,,,,,,,,
Yarn,Supplier,Description,Color,Monday Inventory,Total Demand,Total Receipt,Balance,Past Due Receipts,,Demand This Week,Receipts This Week,Balance This Week,,Demand Week 37,Receipts Week 37,Balance Week 37,,Demand Week 38,Receipts Week 38,Balance Week 38,,Demand Week 39,Receipts Week 39,Balance Week 39,,Demand Week 40,Receipts Week 40,Balance Week 40,,Demand Week 41,Receipts Week 41,Balance Week 41,,Demand Week 42,Receipts Week 42,Balance Week 42,,Demand Week 43,Receipts Week 43,Balance Week 43,,Demand Week 44,Receipts Week 44,Balance Week 44,,Demand Later,Receipts Later,Balance Later
18884,BUHLER QUALITY YARNS CORP,21/1 75/15/10 Modacrylic/Tencel/Nylon Natural Protex C - G100 MVS,Natural,2506.184,30859.8,36161.3,7807.68400000001,20161.3,,10823.8683701496,0,-8317.68437014962,,7609.8,0,-15927.4843701496,,5411.93418507481,0,-21339.4185552244,,5411.93418507481,0,-26751.3527402992,,1602.26325970076,0,-28353.616,,0,0,-28353.616,,0,0,-28353.616,,0,4000,-24353.616,,0,4000,-20353.616,,0,8000,-12353.616
19089,FILSPEC Yarns,26/1 75/15/10 Modacrylic/Rayon/Nylon Natural Protex C - FR RS,Natural,0,5396.1,9000,3603.9,0,,3533.37507142102,0,-3533.37507142102,,1862.72492857898,5500,103.9,,0,2500,2603.9,,0,1000,3603.9,,0,0,3603.9,,0,0,3603.9,,0,0,3603.9,,0,0,3603.9,,0,0,3603.9,,0,0,3603.9
18927,DECA GLOBAL,2/300/72 100% Polyester Semi Dull SH LIM Recycled ,Semi Dull,1221.63158,12628.9021,41006.4,29599.12948,41006.4,,3723.89095189152,0,-2502.25937189152,,3722.68695189152,0,-6224.94632378303,,2859.15675009085,0,-9084.10307387388,,1687.37258222374,0,-10771.4756560976,,635.794863902379,0,-11407.27052,,0,0,-11407.27052,,0,0,-11407.27052,,0,0,-11407.27052,,0,0,-11407.27052,,0,0,-11407.27052
18703,DECA GLOBAL,38/1 60/40 Combed Cotton/Polyester Semi Dull RS,Semi Dull,107,2435.9,18879.9,16551,18879.9,,2435.9,0,-2328.9,,0,0,-2328.9,,0,0,-2328.9,,0,0,-2328.9,,0,0,-2328.9,,0,0,-2328.9,,0,0,-2328.9,,0,0,-2328.9,,0,0,-2328.9,,0,0,-2328.9
19095,UNIFI,1/150/96 100% Polyester Natural Repreve ,Natural,7250.171876,9309.504,0,-2059.332124,0,,9309.504,0,-2059.332124,,0,0,-2059.332124,,0,0,-2059.332124,,0,0,-2059.332124,,0,0,-2059.332124,,0,0,-2059.332124,,0,0,-2059.332124,,0,0,-2059.332124,,0,0,-2059.332124,,0,0,-2059.332124
18973,VERTEX,1/300/120 100% Polyethylene Haze Melange 2 ,Haze Melange 2,1293.2,2210,0,-916.8,0,,2210,0,-916.8,,0,0,-916.8,,0,0,-916.8,,0,0,-916.8,,0,0,-916.8,,0,0,-916.8,,0,0,-916.8,,0,0,-916.8,,0,0,-916.8,,0,0,-916.8
19081,MOVEINA,27/1 100% Kevlar Black S RS,Black,0,747.2,700,-47.2,700,,747.2,0,-747.2,,0,0,-747.2,,0,0,-747.2,,0,0,-747.2,,0,0,-747.2,,0,0,-747.2,,0,0,-747.2,,0,0,-747.2,,0,0,-747.2,,0,0,-747.2
19082,MOVEINA,27/1 100% Kevlar Black Z RS,Black,0,747.2,700,-47.2,700,,747.2,0,-747.2,,0,0,-747.2,,0,0,-747.2,,0,0,-747.2,,0,0,-747.2,,0,0,-747.2,,0,0,-747.2,,0,0,-747.2,,0,0,-747.2,,0,0,-747.2
18770,SPUNLAB,28/1 78/22 Modacrylic/Rayon Natural FR Rayon RS,Natural,3366.6442282,4275.3145,0,-908.670271799999,0,,4106.60020052859,0,-739.955972328591,,168.714299471409,0,-908.670271799999,,0,0,-908.670271799999,,0,0,-908.670271799999,,0,0,-908.670271799999,,0,0,-908.670271799999,,0,0,-908.670271799999,,0,0,-908.670271799999,,0,0,-908.670271799999,,0,0,-908.670271799999
19020,R BELDA LLORENS,30/1 55/45 Recycled Polyester/Recycled Cotton Indigo V 169 RS,Indigo,1608.84456,4472.088,0,-2863.24344,0,,2241.95719730869,0,-633.112637308693,,1237.86919730869,0,-1870.98183461739,,992.261605382615,0,-2863.24344,,0,0,-2863.24344,,0,0,-2863.24344,,0,0,-2863.24344,,0,0,-2863.24344,,0,0,-2863.24344,,0,0,-2863.24344,,0,0,-2863.24344
19045,Hamiliton,24/1 100% Combed Cotton Natural RS,Natural,-506.088,62.8999999999996,0,-568.988,0,,62.8999999999996,0,-568.988,,0,0,-568.988,,0,0,-568.988,,0,0,-568.988,,0,0,-568.988,,0,0,-568.988,,0,0,-568.988,,0,0,-568.988,,0,0,-568.988,,0,0,-568.988
10995,UNIFI,1/2150/408 100% Polyester SOLID BLK ,SOLID BLK,-481.94581,23.2179,0,-505.16371,0,,23.2179,0,-505.16371,,0,0,-505.16371,,0,0,-505.16371,,0,0,-505.16371,,0,0,-505.16371,,0,0,-505.16371,,0,0,-505.16371,,0,0,-505.16371,,0,0,-505.16371,,0,0,-505.16371
18870,BUHLER QUALITY YARNS CORP,10/2 80/20 PPS/Glass Natural ,Natural,-162.2093408,13323.948,14000,513.8426592,13000,,323.316123309201,0,-485.525464109201,,323.316123309201,0,-808.841587418403,,323.316123309201,0,-1132.1577107276,,323.316123309201,0,-1455.47383403681,,323.316123309201,1000,-778.789957346007,,323.316123309201,0,-1102.10608065521,,323.316123309201,0,-1425.42220396441,,323.316123309201,0,-1748.73832727361,,323.316123309201,0,-2072.05445058281,,10414.1028902172,0,-12486.1573408
13364,PARKDALE YARN MILLS,20/1 100% Karded Cotton Natural OE,Natural,70.1834720000001,232.65,0,-162.466528,0,,232.65,0,-162.466528,,0,0,-162.466528,,0,0,-162.466528,,0,0,-162.466528,,0,0,-162.466528,,0,0,-162.466528,,0,0,-162.466528,,0,0,-162.466528,,0,0,-162.466528,,0,0,-162.466528
18708,UNIFI,1/150/34 100% Polyester Natural Set - Sorbtek ,Natural,619.0236,4279.5324,4864.3,1203.7912,4864.3,,763.805279623045,0,-144.781679623045,,763.805279623045,0,-908.58695924609,,763.805279623045,0,-1672.39223886914,,763.805279623045,0,-2436.19751849218,,763.805279623045,0,-3200.00279811523,,460.506001884773,0,-3660.5088,,0,0,-3660.5088,,0,0,-3660.5088,,0,0,-3660.5088,,0,0,-3660.5088
14415,CREORA/US Hyosung,1/70 100% Spandex Clear H300 ,Clear,451.184892,548.1126,0,-96.927708,0,,548.1126,0,-96.927708,,0,0,-96.927708,,0,0,-96.927708,,0,0,-96.927708,,0,0,-96.927708,,0,0,-96.927708,,0,0,-96.927708,,0,0,-96.927708,,0,0,-96.927708,,0,0,-96.927708
10153,UNIFI,2/150/34 100% Polyester WHEAT 1196F ,WHEAT,2939.775802,3635.1168,0,-695.340998,0,,3015.18475226233,0,-75.4089502623274,,619.932047737672,0,-695.340997999999,,0,0,-695.340997999999,,0,0,-695.340997999999,,0,0,-695.340997999999,,0,0,-695.340997999999,,0,0,-695.340997999999,,0,0,-695.340997999999,,0,0,-695.340997999999,,0,0,-695.340997999999
18358,MERIDIAN SPECIALTY YARN GROUP INC,1/150/36 100% Polyester COBALT 01275 ,COBALT,420.524248,484,0,-63.4757520000001,0,,484,0,-63.4757520000001,,0,0,-63.4757520000001,,0,0,-63.4757520000001,,0,0,-63.4757520000001,,0,0,-63.4757520000001,,0,0,-63.4757520000001,,0,0,-63.4757520000001,,0,0,-63.4757520000001,,0,0,-63.4757520000001,,0,0,-63.4757520000001
18318,SPUNLAB,30/1 70/10/20 Polyester/Cotton/Rayon Black 65% 12% Black Poly 8097 RS,Black 65%,229,292,0,-63,0,,292,0,-63,,0,0,-63,,0,0,-63,,0,0,-63,,0,0,-63,,0,0,-63,,0,0,-63,,0,0,-63,,0,0,-63,,0,0,-63
12321,UNIFI,1/100/96 100% Polyester Natural SETTS ,Natural,228.148112,2106.7396,0,-1878.591488,0,,247.619038479504,0,-19.4709264795042,,247.619038479504,0,-267.089964959008,,247.619038479504,0,-514.709003438513,,247.619038479504,0,-762.328041918017,,247.619038479504,0,-1009.94708039752,,247.619038479504,0,-1257.56611887703,,247.619038479504,0,-1505.18515735653,,247.619038479504,0,-1752.80419583603,,125.787292163967,0,-1878.591488,,0,0,-1878.591488
19009,DECA GLOBAL,20/1 60/40 Combed Cotton/Polyester Natural RS,Natural,0,0,8000,8000,8000,,0,0,0,,0,0,0,,0,0,0,,0,0,0,,0,0,0,,0,0,0,,0,0,0,,0,0,0,,0,0,0,,0,0,0
19087,BUHLER QUALITY YARNS CORP,21/1 75/15/10 Protex F/Tencel G100/Nylon Natural ,Natural,0,0,270,270,0,,0,0,0,,0,0,0,,0,270,270,,0,0,270,,0,0,270,,0,0,270,,0,0,270,,0,0,270,,0,0,270,,0,0,270
19067,Marionette,1/150/48 100% Polyester Bright Trilobal Flat ,Bright,0,0,44000,44000,0,,0,0,0,,0,0,0,,0,0,0,,0,0,0,,0,0,0,,0,0,0,,0,0,0,,0,44000,44000,,0,0,44000,,0,0,44000
19071,DRAKE EXTRUSION INC,1/70/36 100% Polypropylene Black PCR with Hindered Amine Light Stablilizer ,Black,0,0,168,168,168,,0,0,0,,0,0,0,,0,0,0,,0,0,0,,0,0,0,,0,0,0,,0,0,0,,0,0,0,,0,0,0,,0,0,0
19025,DECA GLOBAL,1/150/36 100% Polyester Orange 3373-02 ,Orange,0,0,7000,7000,7000,,0,0,0,,0,0,0,,0,0,0,,0,0,0,,0,0,0,,0,0,0,,0,0,0,,0,0,0,,0,0,0,,0,0,0
18859,NANY,1/70/36 100% Polyester Semi Dull ,Semi Dull,0,0,40600,40600,0,,0,0,0,,0,0,0,,0,0,0,,0,5800,5800,,0,5800,11600,,0,5800,17400,,0,5800,23200,,0,5800,29000,,0,5800,34800,,0,5800,40600
14895,SUPREME CORPORATION,1/200/74 96/4 Polyester/Carbonized Nylon Grey Z ,Grey,4,1.365,0,2.635,0,,1.365,0,2.635,,0,0,2.635,,0,0,2.635,,0,0,2.635,,0,0,2.635,,0,0,2.635,,0,0,2.635,,0,0,2.635,,0,0,2.635,,0,0,2.635
19069,FILSPEC Yarns,46/1 100% Nomex Natural S RS,Natural,734.42,728,0,6.42000000000007,0,,728,0,6.42000000000007,,0,0,6.42000000000007,,0,0,6.42000000000007,,0,0,6.42000000000007,,0,0,6.42000000000007,,0,0,6.42000000000007,,0,0,6.42000000000007,,0,0,6.42000000000007,,0,0,6.42000000000007,,0,0,6.42000000000007
12066,NOBLE BIOMATERIALS INC,1/70/34 100% Nylon Silver XSTATI ,Silver,10,0.96,0,9.04,0,,0.96,0,9.04,,0,0,9.04,,0,0,9.04,,0,0,9.04,,0,0,9.04,,0,0,9.04,,0,0,9.04,,0,0,9.04,,0,0,9.04,,0,0,9.04
14734,XLANCE,1/83 100% XLANCE Natural ELASTOLEFIN ,Natural,126.6,105.6,0,21,0,,105.6,0,21,,0,0,21,,0,0,21,,0,0,21,,0,0,21,,0,0,21,,0,0,21,,0,0,21,,0,0,21,,0,0,21
1571,The LYCRA Company LLC,1/70 100% Lycra Clear 162C ,Clear,224.1,175.392,0,48.708,0,,175.392,0,48.708,,0,0,48.708,,0,0,48.708,,0,0,48.708,,0,0,48.708,,0,0,48.708,,0,0,48.708,,0,0,48.708,,0,0,48.708,,0,0,48.708
19070,FILSPEC Yarns,46/1 100% Nomex Natural Z RS,Natural,793.82,728,0,65.8200000000002,0,,728,0,65.8200000000002,,0,0,65.8200000000002,,0,0,65.8200000000002,,0,0,65.8200000000002,,0,0,65.8200000000002,,0,0,65.8200000000002,,0,0,65.8200000000002,,0,0,65.8200000000002,,0,0,65.8200000000002,,0,0,65.8200000000002
18517,DECA GLOBAL,1/100/96 100% Polyester Natural Z ,Natural,131.001316,64.8802,0,66.121116,0,,64.8802,0,66.121116,,0,0,66.121116,,0,0,66.121116,,0,0,66.121116,,0,0,66.121116,,0,0,66.121116,,0,0,66.121116,,0,0,66.121116,,0,0,66.121116,,0,0,66.121116
18966,Betareks A. S.,1/69 100% Lurex Silver 2X20 silver lurex ,Silver,168,416,250,2.00000000000006,250,,95.7721691088522,0,72.2278308911478,,95.7721691088522,0,-23.5443382177044,,95.7721691088522,0,-119.316507326557,,95.7721691088522,0,-215.088676435409,,32.9113235645912,0,-248,,0,0,-248,,0,0,-248,,0,0,-248,,0,0,-248,,0,0,-248
18565,MERIDIAN SPECIALTY YARN GROUP INC,2/450/288 100% Polyester Mink ,Mink,73.571392,0,0,73.571392,0,,0,0,73.571392,,0,0,73.571392,,0,0,73.571392,,0,0,73.571392,,0,0,73.571392,,0,0,73.571392,,0,0,73.571392,,0,0,73.571392,,0,0,73.571392,,0,0,73.571392
18929,The LYCRA Company LLC,1/40 100% Lycra Bright Non-Compliant ,Bright,802.3398322,1907.0731,3200,2095.2667322,0,,699.941511492494,0,102.398320707506,,398.973794701588,800,503.424526005919,,301.77343662624,0,201.651089379679,,174.463812804048,0,27.1872765756309,,107.863057753524,800,719.324218822107,,82.3365591230172,0,636.98765969909,,65.7559435265661,0,571.231716172524,,51.5314811780846,800,1319.70023499444,,24.4335027944396,0,1295.2667322,,0,800,2095.2667322
19031,BUHLER QUALITY YARNS CORP,36/1 45/40/15 Modacrylic/Lenzing FR/Twaron Black MVS,Black,110.579216,6.3954,0,104.183816,0,,6.3954,0,104.183816,,0,0,104.183816,,0,0,104.183816,,0,0,104.183816,,0,0,104.183816,,0,0,104.183816,,0,0,104.183816,,0,0,104.183816,,0,0,104.183816,,0,0,104.183816
18733,MERIDIAN SPECIALTY YARN GROUP INC,1/150/36 100% Polyester Orange LW TK poly 4015-01725-A ,Orange,650.20336,576,0,74.20336,0,,544.089361265066,0,106.113998734934,,31.9106387349336,0,74.20336,,0,0,74.20336,,0,0,74.20336,,0,0,74.20336,,0,0,74.20336,,0,0,74.20336,,0,0,74.20336,,0,0,74.20336,,0,0,74.20336
11648,SAPONA,1/40/34 100% Nylon Semi Dull STR ,Semi Dull,126.613737,4.88,0,121.733737,0,,4.88,0,121.733737,,0,0,121.733737,,0,0,121.733737,,0,0,121.733737,,0,0,121.733737,,0,0,121.733737,,0,0,121.733737,,0,0,121.733737,,0,0,121.733737,,0,0,121.733737
19093,CELANESE,1/40/1 100% Neolast Natural ,Natural,172.5208658,11.28779,0,161.2330758,0,,11.28779,0,161.2330758,,0,0,161.2330758,,0,0,161.2330758,,0,0,161.2330758,,0,0,161.2330758,,0,0,161.2330758,,0,0,161.2330758,,0,0,161.2330758,,0,0,161.2330758,,0,0,161.2330758
18725,MERIDIAN SPECIALTY YARN GROUP INC,1/150/36 100% Polyester Lookout 4015-0178-A ,Lookout,162.910644,0,0,162.910644,0,,0,0,162.910644,,0,0,162.910644,,0,0,162.910644,,0,0,162.910644,,0,0,162.910644,,0,0,162.910644,,0,0,162.910644,,0,0,162.910644,,0,0,162.910644,,0,0,162.910644
11409,TOPL,1/20/12 100% Polyester Semi Dull ,Semi Dull,165,1.467,0,163.533,0,,1.467,0,163.533,,0,0,163.533,,0,0,163.533,,0,0,163.533,,0,0,163.533,,0,0,163.533,,0,0,163.533,,0,0,163.533,,0,0,163.533,,0,0,163.533
12428,UNIFI,1/100/96 100% Polyester Natural STWSTR ,Natural,221,55.7511,0,165.2489,0,,55.7511,0,165.2489,,0,0,165.2489,,0,0,165.2489,,0,0,165.2489,,0,0,165.2489,,0,0,165.2489,,0,0,165.2489,,0,0,165.2489,,0,0,165.2489,,0,0,165.2489
14223,SPUNLAB,30/1 85/15 Modacrylic/Tencel Natural PCG100 RS,Natural,166.9,1.2864,0,165.6136,0,,1.2864,0,165.6136,,0,0,165.6136,,0,0,165.6136,,0,0,165.6136,,0,0,165.6136,,0,0,165.6136,,0,0,165.6136,,0,0,165.6136,,0,0,165.6136,,0,0,165.6136
11505,UNIFI,1/2000/408 100% Polyester BLK/BRN SATUR ,BLK/BRN,169.048344,0,0,169.048344,0,,0,0,169.048344,,0,0,169.048344,,0,0,169.048344,,0,0,169.048344,,0,0,169.048344,,0,0,169.048344,,0,0,169.048344,,0,0,169.048344,,0,0,169.048344,,0,0,169.048344
13794,SPUNLAB,30/1 55/45 Modacrylic/Karded Cotton Natural PRTXC ,Natural,181.8,0,0,181.8,0,,0,0,181.8,,0,0,181.8,,0,0,181.8,,0,0,181.8,,0,0,181.8,,0,0,181.8,,0,0,181.8,,0,0,181.8,,0,0,181.8,,0,0,181.8
18992,PARKDALE YARN MILLS,30/1 50/37/13 Polyester/Modal Rayon/Karded Cotton Natural RS,Natural,201.164,0,0,201.164,0,,0,0,201.164,,0,0,201.164,,0,0,201.164,,0,0,201.164,,0,0,201.164,,0,0,201.164,,0,0,201.164,,0,0,201.164,,0,0,201.164,,0,0,201.164
11427,OMARA TEXTILES,1/145/34 100% Polyester Almond H75 ,Almond,212.464264,0,0,212.464264,0,,0,0,212.464264,,0,0,212.464264,,0,0,212.464264,,0,0,212.464264,,0,0,212.464264,,0,0,212.464264,,0,0,212.464264,,0,0,212.464264,,0,0,212.464264,,0,0,212.464264
18229,MERIDIAN SPECIALTY YARN GROUP INC,1/150/36 100% Polyester LT GREY ,LT GREY,330.5197428,112,0,218.5197428,0,,112,0,218.5197428,,0,0,218.5197428,,0,0,218.5197428,,0,0,218.5197428,,0,0,218.5197428,,0,0,218.5197428,,0,0,218.5197428,,0,0,218.5197428,,0,0,218.5197428,,0,0,218.5197428
18645,BUHLER QUALITY YARNS CORP,24/1 85/15 Modacrylic/Tencel Natural MVS,Natural,1892.780776,1669.0387,7171.1,7394.842076,7171.1,,1669.0387,0,223.742076000001,,0,0,223.742076000001,,0,0,223.742076000001,,0,0,223.742076000001,,0,0,223.742076000001,,0,0,223.742076000001,,0,0,223.742076000001,,0,0,223.742076000001,,0,0,223.742076000001,,0,0,223.742076000001
18413,DECA GLOBAL,1/300/72 100% Polyester Natural STR ,Natural,236,0,42000,42236,42000,,0,0,236,,0,0,236,,0,0,236,,0,0,236,,0,0,236,,0,0,236,,0,0,236,,0,0,236,,0,0,236,,0,0,236
18430,SPUNLAB,30/1 100% Celliant Natural ,Natural,414.200856,128.142,0,286.058856,0,,128.142,0,286.058856,,0,0,286.058856,,0,0,286.058856,,0,0,286.058856,,0,0,286.058856,,0,0,286.058856,,0,0,286.058856,,0,0,286.058856,,0,0,286.058856,,0,0,286.058856
18832,HICKORY THROWING COMPANY,30/1 60/40 Recycled Polyester/Recycled Cotton Marino OE,Marino,509.628184,219.78,0,289.848184,0,,219.78,0,289.848184,,0,0,289.848184,,0,0,289.848184,,0,0,289.848184,,0,0,289.848184,,0,0,289.848184,,0,0,289.848184,,0,0,289.848184,,0,0,289.848184,,0,0,289.848184
13777,NANY,1/40/24 100% Polyester Semi Dull ,Semi Dull,303.9547026,0.0574000000000003,0,303.8973026,0,,0.0574000000000003,0,303.8973026,,0,0,303.8973026,,0,0,303.8973026,,0,0,303.8973026,,0,0,303.8973026,,0,0,303.8973026,,0,0,303.8973026,,0,0,303.8973026,,0,0,303.8973026,,0,0,303.8973026
18086,KC TEX INC,30/1 100% Rayon Natural ,Natural,911,598.75,0,312.25,0,,598.75,0,312.25,,0,0,312.25,,0,0,312.25,,0,0,312.25,,0,0,312.25,,0,0,312.25,,0,0,312.25,,0,0,312.25,,0,0,312.25,,0,0,312.25
18452,DECA GLOBAL,1/150/72 100% Polyester BLK/WHT STRIAT ,BLK/WHT,1752.879336,1419.873,0,333.006336,0,,1419.873,0,333.006336,,0,0,333.006336,,0,0,333.006336,,0,0,333.006336,,0,0,333.006336,,0,0,333.006336,,0,0,333.006336,,0,0,333.006336,,0,0,333.006336,,0,0,333.006336
11536,BURLINGTON MANUFACTURING SERVICE,1/150/34 100% Polyester ROBINSEGG 340320 ,ROBINSEGG,348.228076,6.935,0,341.293076,0,,6.935,0,341.293076,,0,0,341.293076,,0,0,341.293076,,0,0,341.293076,,0,0,341.293076,,0,0,341.293076,,0,0,341.293076,,0,0,341.293076,,0,0,341.293076,,0,0,341.293076
18817,UNIFI,2/70/68 100% Polyester Natural Cationic ,Natural,412.4,50,0,362.4,0,,50,0,362.4,,0,0,362.4,,0,0,362.4,,0,0,362.4,,0,0,362.4,,0,0,362.4,,0,0,362.4,,0,0,362.4,,0,0,362.4,,0,0,362.4
18774,PARKDALE YARN MILLS,28/1 78/22 Modacrylic/Rayon Natural MVS,Natural,1222.9957718,927.3756,0,295.6201718,0,,856.098008331425,0,366.897763468575,,71.2775916685753,0,295.6201718,,0,0,295.6201718,,0,0,295.6201718,,0,0,295.6201718,,0,0,295.6201718,,0,0,295.6201718,,0,0,295.6201718,,0,0,295.6201718,,0,0,295.6201718
18414,DECA GLOBAL,3/300/72 100% Polyester Natural ,Natural,6968.9067564,6750.828,34424,34642.0787564,34424,,6596.92564860131,0,371.981107798691,,153.90235139869,0,218.0787564,,0,0,218.0787564,,0,0,218.0787564,,0,0,218.0787564,,0,0,218.0787564,,0,0,218.0787564,,0,0,218.0787564,,0,0,218.0787564,,0,0,218.0787564
18307,MERIDIAN SPECIALTY YARN GROUP INC,1/150/36 100% Polyester IRIS ,IRIS,1269.0156544,1153.5913,63,178.4243544,-1092,,888.998296305715,0,380.017358094285,,197.406996305715,1155,1337.61036178857,,67.1860073885702,0,1270.4243544,,0,0,1270.4243544,,0,0,1270.4243544,,0,0,1270.4243544,,0,0,1270.4243544,,0,0,1270.4243544,,0,0,1270.4243544,,0,0,1270.4243544
18753,MERIDIAN SPECIALTY YARN GROUP INC,1/150/34 100% Polyester Sandstone 4015-01670 ,Sandstone,583,143,0,440,0,,143,0,440,,0,0,440,,0,0,440,,0,0,440,,0,0,440,,0,0,440,,0,0,440,,0,0,440,,0,0,440,,0,0,440
18804,BUHLER QUALITY YARNS CORP,30/1 60/30/10 Modacrylic/Tencel/Twaron Grey Protex A - Tencel G100-Black Twaron MVS,Grey,448,0.834299999999999,0,447.1657,0,,0.834299999999999,0,447.1657,,0,0,447.1657,,0,0,447.1657,,0,0,447.1657,,0,0,447.1657,,0,0,447.1657,,0,0,447.1657,,0,0,447.1657,,0,0,447.1657,,0,0,447.1657
19066,UNIFI,1/300/68 100% Polyester Natural Set ,Natural,449.730988,0.712,0,449.018988,0,,0.712,0,449.018988,,0,0,449.018988,,0,0,449.018988,,0,0,449.018988,,0,0,449.018988,,0,0,449.018988,,0,0,449.018988,,0,0,449.018988,,0,0,449.018988,,0,0,449.018988
18599,The LYCRA Company LLC,1/20 100% Lycra Semi Bright 582L ,Semi Bright,482.923626,5.8499,0,477.073726,0,,5.8499,0,477.073726,,0,0,477.073726,,0,0,477.073726,,0,0,477.073726,,0,0,477.073726,,0,0,477.073726,,0,0,477.073726,,0,0,477.073726,,0,0,477.073726,,0,0,477.073726
13560,The LYCRA Company LLC,1/70 100% Lycra Semi Bright 582L ,Semi Bright,530.669462,48.3868,0,482.282662,0,,48.3868,0,482.282662,,0,0,482.282662,,0,0,482.282662,,0,0,482.282662,,0,0,482.282662,,0,0,482.282662,,0,0,482.282662,,0,0,482.282662,,0,0,482.282662,,0,0,482.282662
18974,CELANESE,1/40/3 100% Neolast Natural ,Natural,524.70044,12.17286,0,512.52758,0,,12.17286,0,512.52758,,0,0,512.52758,,0,0,512.52758,,0,0,512.52758,,0,0,512.52758,,0,0,512.52758,,0,0,512.52758,,0,0,512.52758,,0,0,512.52758,,0,0,512.52758
19019,PARKDALE YARN MILLS,50/1 100% Combed Cotton Natural RS,Natural,568.137664,0,0,568.137664,0,,0,0,568.137664,,0,0,568.137664,,0,0,568.137664,,0,0,568.137664,,0,0,568.137664,,0,0,568.137664,,0,0,568.137664,,0,0,568.137664,,0,0,568.137664,,0,0,568.137664
18962,AKRA POLYESTER GROUP/DAK,1/110/36 100% Polyester Natural Stretch no tacks ,Natural,636.3324426,20.9612,0,615.3712426,0,,20.9612,0,615.3712426,,0,0,615.3712426,,0,0,615.3712426,,0,0,615.3712426,,0,0,615.3712426,,0,0,615.3712426,,0,0,615.3712426,,0,0,615.3712426,,0,0,615.3712426,,0,0,615.3712426
18638,PARKDALE YARN MILLS,30/1 50/50 Polyester/Cotton Natural RS,Natural,737.078,108.9,0,628.178,0,,108.9,0,628.178,,0,0,628.178,,0,0,628.178,,0,0,628.178,,0,0,628.178,,0,0,628.178,,0,0,628.178,,0,0,628.178,,0,0,628.178,,0,0,628.178
19062,PARKDALE YARN MILLS,50/1 100% Combed Cotton Natural Yeager waxed RS,Natural,1854.54654,1204.5312,0,650.01534,0,,1204.5312,0,650.01534,,0,0,650.01534,,0,0,650.01534,,0,0,650.01534,,0,0,650.01534,,0,0,650.01534,,0,0,650.01534,,0,0,650.01534,,0,0,650.01534,,0,0,650.01534
11967,OMARA TEXTILES,1/150/34 100% Polyester Merrimack A368 ,Merrimack,674,0,885,1559,885,,0,0,674,,0,0,674,,0,0,674,,0,0,674,,0,0,674,,0,0,674,,0,0,674,,0,0,674,,0,0,674,,0,0,674
18293,MERIDIAN SPECIALTY YARN GROUP INC,1/150/36 100% Polyester MAR ROYAL 4015-01240 ,MAR ROYAL,933.66628,714,840,1059.66628,840,,254.855422975319,0,678.810857024681,,254.855422975319,0,423.955434049362,,204.289154049362,0,219.66628,,0,0,219.66628,,0,0,219.66628,,0,0,219.66628,,0,0,219.66628,,0,0,219.66628,,0,0,219.66628,,0,0,219.66628
18813,FILS,26/1 100% Nomex Tan 499 ,Tan 499,723,1.6,0,721.4,0,,1.6,0,721.4,,0,0,721.4,,0,0,721.4,,0,0,721.4,,0,0,721.4,,0,0,721.4,,0,0,721.4,,0,0,721.4,,0,0,721.4,,0,0,721.4
18622,OMARA TEXTILES,1/150/36 100% Polyester Basalt HOY Flat Bright ,Basalt,728.591256,5.66,0,722.931256,0,,5.66,0,722.931256,,0,0,722.931256,,0,0,722.931256,,0,0,722.931256,,0,0,722.931256,,0,0,722.931256,,0,0,722.931256,,0,0,722.931256,,0,0,722.931256,,0,0,722.931256
18811,COAT,26/1 100% Nomex Freedom Sage ,Freedom Sage,755,1.6,0,753.4,0,,1.6,0,753.4,,0,0,753.4,,0,0,753.4,,0,0,753.4,,0,0,753.4,,0,0,753.4,,0,0,753.4,,0,0,753.4,,0,0,753.4,,0,0,753.4
18961,OMARA TEXTILES,1/150/34 100% Polyester Dawn Grey ,Dawn Grey,2110.3021492,4657.3844,3000,452.917749200001,3000,,1353.53772146725,0,756.764427732747,,1347.40572146725,0,-590.641293734507,,1053.20615744684,0,-1643.84745118134,,653.986314766561,0,-2297.8337659479,,249.248484852095,0,-2547.0822508,,0,0,-2547.0822508,,0,0,-2547.0822508,,0,0,-2547.0822508,,0,0,-2547.0822508,,0,0,-2547.0822508
18419,UNIFI,1/70/34 100% Nylon Tan 5902P ,Tan,828.8,0,0,828.8,0,,0,0,828.8,,0,0,828.8,,0,0,828.8,,0,0,828.8,,0,0,828.8,,0,0,828.8,,0,0,828.8,,0,0,828.8,,0,0,828.8,,0,0,828.8
10027,UNIFI,2/150/34 100% Polyester SOLDY BLK SET W/ TACKS SATURA ,SOLDY BLK,2313.148328,8390.9858,5000,-1077.837472,0,,3983.31823665047,2500,829.830091349534,,2747.18682375821,2500,582.643267591322,,1356.60963020434,0,-773.966362613017,,303.871109386983,0,-1077.837472,,0,0,-1077.837472,,0,0,-1077.837472,,0,0,-1077.837472,,0,0,-1077.837472,,0,0,-1077.837472,,0,0,-1077.837472
12047,OMARA TEXTILES,1/150/36 100%L44 Polyester Silver FLTBRT ,Silver,1561.726758,1351,1578,1788.726758,1578,,709.652266089283,0,852.074491910717,,213.479128638216,0,638.595363272501,,182.565697363749,0,456.029665908752,,182.565697363749,0,273.463968545002,,62.7372105450021,0,210.726758,,0,0,210.726758,,0,0,210.726758,,0,0,210.726758,,0,0,210.726758,,0,0,210.726758
18861,HILL SPINNING MILL,24/1 100% Combed Cotton Natural RS,Natural,880.33807,0,0,880.33807,0,,0,0,880.33807,,0,0,880.33807,,0,0,880.33807,,0,0,880.33807,,0,0,880.33807,,0,0,880.33807,,0,0,880.33807,,0,0,880.33807,,0,0,880.33807,,0,0,880.33807
18375,DECA GLOBAL,20/1 100% Polyester Natural RS,Natural,2400,3822,4100,2678,4100,,1512,0,888,,0,0,888,,0,0,888,,0,0,888,,1107.66209005246,0,-219.662090052457,,988.049985557629,0,-1207.71207561009,,214.287924389914,0,-1422,,0,0,-1422,,0,0,-1422,,0,0,-1422
18133,OMARA TEXTILES,1/150/36 100% Polyester MOKKA J133 ,MOKKA,890.801612,0,0,890.801612,0,,0,0,890.801612,,0,0,890.801612,,0,0,890.801612,,0,0,890.801612,,0,0,890.801612,,0,0,890.801612,,0,0,890.801612,,0,0,890.801612,,0,0,890.801612,,0,0,890.801612
18732,COAT,30/1 50/30/20 Modacrylic/Tencel/Para Aramid Grey Protex C - A100 - Kolon para aramid RS,Grey,893.7,0.321600000000001,0,893.3784,0,,0.321600000000001,0,893.3784,,0,0,893.3784,,0,0,893.3784,,0,0,893.3784,,0,0,893.3784,,0,0,893.3784,,0,0,893.3784,,0,0,893.3784,,0,0,893.3784,,0,0,893.3784
10402,UNIFI,1/150/96 100% Polyester Natural T56NTS ,Natural,2123.5,1216.608,0,906.892,0,,1216.608,0,906.892,,0,0,906.892,,0,0,906.892,,0,0,906.892,,0,0,906.892,,0,0,906.892,,0,0,906.892,,0,0,906.892,,0,0,906.892,,0,0,906.892
18679,UNIFI,1/70/68 100% Polyester Semi Dull 100% Celliant Repreve ,Semi Dull,1067.5,442,0,625.5,0,,101.757929678155,0,965.742070321844,,101.757929678155,0,863.984140643689,,101.757929678155,0,762.226210965533,,101.757929678155,0,660.468281287378,,34.9682812873782,0,625.5,,0,0,625.5,,0,0,625.5,,0,0,625.5,,0,0,625.5,,0,0,625.5
18605,R BELDA LLORENS,30/1 50/50 Polyester/Reclaimed Cotton Lino recycled polyester/recycled cotton 155 RS,Lino,1028.027598,52.3755,0,975.652098,0,,52.3755,0,975.652098,,0,0,975.652098,,0,0,975.652098,,0,0,975.652098,,0,0,975.652098,,0,0,975.652098,,0,0,975.652098,,0,0,975.652098,,0,0,975.652098,,0,0,975.652098
18745,UNIFI,2/70/72 100% Polyester Natural 56TSTS ,Natural,1137.6,150,0,987.6,0,,150,0,987.6,,0,0,987.6,,0,0,987.6,,0,0,987.6,,0,0,987.6,,0,0,987.6,,0,0,987.6,,0,0,987.6,,0,0,987.6,,0,0,987.6
18795,BUHLER QUALITY YARNS CORP,36/1 55/35/10 Modacrylic/Tencel/Twaron Natural Protex C - G100 - Natural Twaron MVS,Natural,1003,0,0,1003,0,,0,0,1003,,0,0,1003,,0,0,1003,,0,0,1003,,0,0,1003,,0,0,1003,,0,0,1003,,0,0,1003,,0,0,1003,,0,0,1003
18824,CS AMERICA,2/75/72 100% Polyester Semi Dull ,Semi Dull,1018.2752814,3.71050000000002,0,1014.5647814,0,,3.71050000000002,0,1014.5647814,,0,0,1014.5647814,,0,0,1014.5647814,,0,0,1014.5647814,,0,0,1014.5647814,,0,0,1014.5647814,,0,0,1014.5647814,,0,0,1014.5647814,,0,0,1014.5647814,,0,0,1014.5647814
18553,SPUNLAB,28/1 80/20 Celliant/Polyester Natural RS,Natural,1507.722976,2015,0,-507.277024,0,,463.896444121003,0,1043.826531879,,463.896444121003,0,579.930087757994,,463.896444121003,0,116.033643636992,,463.896444121003,0,-347.862800484011,,159.414223515989,0,-507.277024,,0,0,-507.277024,,0,0,-507.277024,,0,0,-507.277024,,0,0,-507.277024,,0,0,-507.277024
19033,VERTEX,1/300/120 100% Polyethylene Black ,Black,1115.0672104,28.7133,1920,3006.3539104,1920,,28.7133,0,1086.3539104,,0,0,1086.3539104,,0,0,1086.3539104,,0,0,1086.3539104,,0,0,1086.3539104,,0,0,1086.3539104,,0,0,1086.3539104,,0,0,1086.3539104,,0,0,1086.3539104,,0,0,1086.3539104
18569,DECA GLOBAL,1/200/192 100% Polyester Semi Dull ,Semi Dull,1107.797326,3.9,0,1103.897326,0,,3.9,0,1103.897326,,0,0,1103.897326,,0,0,1103.897326,,0,0,1103.897326,,0,0,1103.897326,,0,0,1103.897326,,0,0,1103.897326,,0,0,1103.897326,,0,0,1103.897326,,0,0,1103.897326
12397,PARKDALE YARN MILLS,36/1 100% Combed Cotton Natural ORGANI ,Natural,1182,40,0,1142,0,,40,0,1142,,0,0,1142,,0,0,1142,,0,0,1142,,0,0,1142,,0,0,1142,,0,0,1142,,0,0,1142,,0,0,1142,,0,0,1142
18184,OMARA TEXTILES,1/150/36 100% Polyester Capri U640 ,Capri,1176.483212,0,1019,2195.483212,1019,,0,0,1176.483212,,0,0,1176.483212,,0,0,1176.483212,,0,0,1176.483212,,0,0,1176.483212,,0,0,1176.483212,,0,0,1176.483212,,0,0,1176.483212,,0,0,1176.483212,,0,0,1176.483212
18785,VERTEX,1/300/120 100% Polyethylene Dark Grey ,Dark Grey,1200.246872,0,9152,10352.246872,9152,,0,0,1200.246872,,0,0,1200.246872,,0,0,1200.246872,,0,0,1200.246872,,0,0,1200.246872,,0,0,1200.246872,,0,0,1200.246872,,0,0,1200.246872,,0,0,1200.246872,,0,0,1200.246872
18893,DECA GLOBAL,1/150/48 100% Polyester Connect Blue ,Connect Blue,1924.4923828,791.596,9464.8,10597.6963828,9464.8,,687.688555870956,0,1236.80382692904,,103.907444129044,0,1132.8963828,,0,0,1132.8963828,,0,0,1132.8963828,,0,0,1132.8963828,,0,0,1132.8963828,,0,0,1132.8963828,,0,0,1132.8963828,,0,0,1132.8963828,,0,0,1132.8963828
19046,DUNAWAY YARNS INC,24/1 96/4 Polyester Black 4% RS,Black 4%,6958.974328,18910.1304,51639.7,39688.543928,5819.7,,5699.84484234136,0,1259.12948565864,,5699.84484234136,0,-4440.71535668273,,5410.93341058534,5820,-4031.64876726807,,1904.85794707329,0,-5936.50671434136,,194.649357658634,0,-6131.156072,,0,5000,-1131.156072,,0,0,-1131.156072,,0,5000,3868.843928,,0,0,3868.843928,,0,30000,33868.843928
12243,The LYCRA Company LLC,1/20 100% Lycra BRT 162B ,BRT,1322.673524,40.22124,0,1282.452284,0,,40.22124,0,1282.452284,,0,0,1282.452284,,0,0,1282.452284,,0,0,1282.452284,,0,0,1282.452284,,0,0,1282.452284,,0,0,1282.452284,,0,0,1282.452284,,0,0,1282.452284,,0,0,1282.452284
18669,CS AMERICA,1/75/72 100% Polyester Natural ,Natural,1599.5922216,296.955,0,1302.6372216,0,,296.955,0,1302.6372216,,0,0,1302.6372216,,0,0,1302.6372216,,0,0,1302.6372216,,0,0,1302.6372216,,0,0,1302.6372216,,0,0,1302.6372216,,0,0,1302.6372216,,0,0,1302.6372216,,0,0,1302.6372216
19054,BUHLER QUALITY YARNS CORP,30/1 85/15 Modacrylic/Tencel Natural Protex C - G100 RS,Natural,2516.911224,1203.6613,2526.4,3839.649924,2526.4,,1203.6613,0,1313.249924,,0,0,1313.249924,,0,0,1313.249924,,0,0,1313.249924,,0,0,1313.249924,,0,0,1313.249924,,0,0,1313.249924,,0,0,1313.249924,,0,0,1313.249924,,0,0,1313.249924
13545,The LYCRA Company LLC,1/40 100% Lycra Semi Bright 582L ,Semi Bright,1342.8919104,4.8789,0,1338.0130104,0,,4.8789,0,1338.0130104,,0,0,1338.0130104,,0,0,1338.0130104,,0,0,1338.0130104,,0,0,1338.0130104,,0,0,1338.0130104,,0,0,1338.0130104,,0,0,1338.0130104,,0,0,1338.0130104,,0,0,1338.0130104
18320,PREMIERE FIBERS INC,1/70/34 100% Nylon Semi Dull FLAT ,Semi Dull,1677.70356,1887.6052,0,-209.90164,0,,336.897278217572,0,1340.80628178243,,336.897278217572,0,1003.90900356486,,336.897278217572,0,667.011725347283,,336.897278217572,0,330.114447129711,,336.897278217572,0,-6.78283108786104,,203.118808912139,0,-209.90164,,0,0,-209.90164,,0,0,-209.90164,,0,0,-209.90164,,0,0,-209.90164
18344,UNIFI,1/70/36 100%RFLX Polyester Natural z Non TS STRNTS ,Natural,1395.8,48.5088000000001,0,1347.2912,0,,48.5088000000001,0,1347.2912,,0,0,1347.2912,,0,0,1347.2912,,0,0,1347.2912,,0,0,1347.2912,,0,0,1347.2912,,0,0,1347.2912,,0,0,1347.2912,,0,0,1347.2912,,0,0,1347.2912
18794,DECA GLOBAL,2/300/96 100% Polyester Black S&Z BSD DH HIM ,Black,1368.230331,12.552,0,1355.678331,0,,12.552,0,1355.678331,,0,0,1355.678331,,0,0,1355.678331,,0,0,1355.678331,,0,0,1355.678331,,0,0,1355.678331,,0,0,1355.678331,,0,0,1355.678331,,0,0,1355.678331,,0,0,1355.678331
18726,PARKDALE YARN MILLS,8/1 100% Karded Cotton Natural OE,Natural,1401.210266,0,0,1401.210266,0,,0,0,1401.210266,,0,0,1401.210266,,0,0,1401.210266,,0,0,1401.210266,,0,0,1401.210266,,0,0,1401.210266,,0,0,1401.210266,,0,0,1401.210266,,0,0,1401.210266,,0,0,1401.210266
18575,PARKDALE YARN MILLS,30/1 100% Combed Cotton Natural z RS,Natural,2950.76,1517.6,0,1433.16,0,,1517.6,0,1433.16,,0,0,1433.16,,0,0,1433.16,,0,0,1433.16,,0,0,1433.16,,0,0,1433.16,,0,0,1433.16,,0,0,1433.16,,0,0,1433.16,,0,0,1433.16
18767,UNIFI,1/150/34 100% Polyester Black SETNTS ,Black,2435.259258,957.9634,0,1477.295858,0,,957.9634,0,1477.295858,,0,0,1477.295858,,0,0,1477.295858,,0,0,1477.295858,,0,0,1477.295858,,0,0,1477.295858,,0,0,1477.295858,,0,0,1477.295858,,0,0,1477.295858,,0,0,1477.295858
18771,CS AMERICA,1/150/96 100% Polyester Semi Dull ,Semi Dull,1591.435232,90.9834000000003,12000,13500.451832,12000,,90.9834000000003,0,1500.451832,,0,0,1500.451832,,0,0,1500.451832,,0,0,1500.451832,,0,0,1500.451832,,0,0,1500.451832,,0,0,1500.451832,,0,0,1500.451832,,0,0,1500.451832,,0,0,1500.451832
18282,SAPONA,1/70/68 100% Nylon Natural ,Natural,1610.945956,69.28,0,1541.665956,0,,69.28,0,1541.665956,,0,0,1541.665956,,0,0,1541.665956,,0,0,1541.665956,,0,0,1541.665956,,0,0,1541.665956,,0,0,1541.665956,,0,0,1541.665956,,0,0,1541.665956,,0,0,1541.665956
9296,UNIFI,1/150/34 100% Polyester Black SATURA ,Black,1567,0,0,1567,0,,0,0,1567,,0,0,1567,,0,0,1567,,0,0,1567,,0,0,1567,,0,0,1567,,0,0,1567,,0,0,1567,,0,0,1567,,0,0,1567
18164,MERIDIAN SPECIALTY YARN GROUP INC,1/150/36 100% Polyester GLACRGREY ,GLACRGREY,1958.3112816,789.63,0,1168.6812816,0,,223.778488450993,0,1734.53279314901,,218.148488450993,0,1516.38430469801,,218.148488450993,0,1298.23581624702,,129.554534647022,0,1168.6812816,,0,0,1168.6812816,,0,0,1168.6812816,,0,0,1168.6812816,,0,0,1168.6812816,,0,0,1168.6812816,,0,0,1168.6812816
13561,The LYCRA Company LLC,1/30 100% Lycra Semi Bright 582L ,Semi Bright,1751.623472,0.4176,0,1751.205872,0,,0.4176,0,1751.205872,,0,0,1751.205872,,0,0,1751.205872,,0,0,1751.205872,,0,0,1751.205872,,0,0,1751.205872,,0,0,1751.205872,,0,0,1751.205872,,0,0,1751.205872,,0,0,1751.205872
9863,UNIFI,1/2150/464 100% Polyester BLK/DOL 7-258 ,BLK/DOL,5588.852164,8955.6546,11789.9,8423.097564,7789.9,,7784.35780655169,4000,1804.49435744831,,1171.29679344831,0,633.197564,,0,0,633.197564,,0,0,633.197564,,0,0,633.197564,,0,0,633.197564,,0,0,633.197564,,0,0,633.197564,,0,0,633.197564,,0,0,633.197564
18758,PREMIERE FIBERS INC,1/100/34 100% Nylon Semi Dull RNDFDY ,Semi Dull,2209.53482,395.556,0,1813.97882,0,,395.556,0,1813.97882,,0,0,1813.97882,,0,0,1813.97882,,0,0,1813.97882,,0,0,1813.97882,,0,0,1813.97882,,0,0,1813.97882,,0,0,1813.97882,,0,0,1813.97882,,0,0,1813.97882
18737,MUTU GADING TEKSTIL,1/150/48 100% Polyester Cashmere PL5402-01 ,Cashmere,3803.782348,5824.6413,7174.3,5153.441048,7174.3,,1888.76825220877,0,1915.01409579123,,1232.44973197276,0,682.564363818469,,655.310801357641,0,27.2535624608279,,489.024164768795,0,-461.770602307967,,623.439663238958,0,-1085.21026554693,,579.866682315842,0,-1665.07694786277,,297.996217176175,0,-1963.07316503894,,57.7857869610572,0,-2020.858952,,0,0,-2020.858952,,0,0,-2020.858952
18696,"B&W Fiber Glass, Inc",1/198 100% Glass Natural ,Natural,2293.2653408,15441.052,16000,2852.2133408,0,,374.689324249523,0,1918.57601655048,,374.689324249523,0,1543.88669230095,,374.689324249523,0,1169.19736805143,,374.689324249523,0,794.508043801906,,374.689324249523,0,419.818719552383,,374.689324249523,1600,1645.12939530286,,374.689324249523,0,1270.44007105334,,374.689324249523,0,895.750746803812,,374.689324249523,1600,2121.06142255429,,12068.8480817543,12800,2852.21334079999
18712,MERIDIAN SPECIALTY YARN GROUP INC,1/150/36 100% Polyester ST LUCIA 4015-01684-A  ,ST LUCIA,1205.17984,4002.144,10000,7203.03584,2000,,1206.3163687495,2000,1998.8634712505,,1206.3163687495,0,792.54710250101,,1145.17109218737,2000,1647.37601031364,,403.144539063131,0,1244.2314712505,,41.1956312505047,2000,3203.03584,,0,0,3203.03584,,0,2000,5203.03584,,0,0,5203.03584,,0,0,5203.03584,,0,0,5203.03584
18208,UNIFI,2/70/130 100% Polyester Heather SET TS ,Heather,2542.751762,671.0458,0,1871.705962,0,,386.207957022556,0,2156.54380497744,,186.761457022556,0,1969.78234795489,,98.0763859548887,0,1871.705962,,0,0,1871.705962,,0,0,1871.705962,,0,0,1871.705962,,0,0,1871.705962,,0,0,1871.705962,,0,0,1871.705962,,0,0,1871.705962
8351,UNIFI,1/100/36 100% Polyester Natural SETNTS ,Natural,2223,54.8796,0,2168.1204,0,,54.8796,0,2168.1204,,0,0,2168.1204,,0,0,2168.1204,,0,0,2168.1204,,0,0,2168.1204,,0,0,2168.1204,,0,0,2168.1204,,0,0,2168.1204,,0,0,2168.1204,,0,0,2168.1204
18363,PROMPTEX YARNS INC,1/75/36 100% Polyester BLK SOLDY STRLTS ,BLK SOLDY,2262.4711328,0,0,2262.4711328,0,,0,0,2262.4711328,,0,0,2262.4711328,,0,0,2262.4711328,,0,0,2262.4711328,,0,0,2262.4711328,,0,0,2262.4711328,,0,0,2262.4711328,,0,0,2262.4711328,,0,0,2262.4711328,,0,0,2262.4711328
18415,UNIFI,1/50/68 100% Polyester CON BLACK 9458P ,CON BLACK,2286.4980454,5.40017,0,2281.0978754,0,,5.40017,0,2281.0978754,,0,0,2281.0978754,,0,0,2281.0978754,,0,0,2281.0978754,,0,0,2281.0978754,,0,0,2281.0978754,,0,0,2281.0978754,,0,0,2281.0978754,,0,0,2281.0978754,,0,0,2281.0978754
18707,PREMIERE FIBERS INC,1/140/34 100% Nylon Semi Dull ,Semi Dull,4555.442724,9020.7648,6343,1877.677924,6343,,2249.73479038513,0,2305.70793361488,,1471.03239038512,0,834.675543229751,,1471.03239038512,0,-636.356847155374,,1471.03239038512,0,-2107.3892375405,,1471.03239038512,0,-3578.42162792562,,886.900448074379,0,-4465.322076,,0,0,-4465.322076,,0,0,-4465.322076,,0,0,-4465.322076,,0,0,-4465.322076
18987,DECA GLOBAL,4/300/72 100% Polyester Semi Dull stretch ,Semi Dull,4724.292548,2371.4803,40000,42352.812248,40000,,2371.4803,0,2352.812248,,0,0,2352.812248,,0,0,2352.812248,,0,0,2352.812248,,0,0,2352.812248,,0,0,2352.812248,,0,0,2352.812248,,0,0,2352.812248,,0,0,2352.812248,,0,0,2352.812248
18991,INMAN MILLS,14/1 100% FRL-PZ Rayon Natural AJ,Natural,2382.2,0,2268,4650.2,2268,,0,0,2382.2,,0,0,2382.2,,0,0,2382.2,,0,0,2382.2,,0,0,2382.2,,0,0,2382.2,,0,0,2382.2,,0,0,2382.2,,0,0,2382.2,,0,0,2382.2
18312,PROMPTEX YARNS INC,30/1 100% Polyester OB RS,OB,2590.41064,205.932,0,2384.47864,0,,205.932,0,2384.47864,,0,0,2384.47864,,0,0,2384.47864,,0,0,2384.47864,,0,0,2384.47864,,0,0,2384.47864,,0,0,2384.47864,,0,0,2384.47864,,0,0,2384.47864,,0,0,2384.47864
18900,PARKDALE YARN MILLS,30/1 96/4 Polyester Ashe 4% MVS,Ashe 4%,3340.05739,1296.318,0,2043.73939,0,,923.373003455616,0,2416.68438654438,,283.305003455616,0,2133.37938308877,,89.6399930887681,0,2043.73939,,0,0,2043.73939,,0,0,2043.73939,,0,0,2043.73939,,0,0,2043.73939,,0,0,2043.73939,,0,0,2043.73939,,0,0,2043.73939
18598,MERIDIAN SPECIALTY YARN GROUP INC,1/150/36 100% Polyester Paris Blue ,Paris Blue,3880.196524,3526,0,354.196524,0,,1318.33807159148,0,2561.85845240852,,1318.33807159148,0,1243.52038081704,,759.769322170017,0,483.751058647021,,129.554534647022,0,354.196524,,0,0,354.196524,,0,0,354.196524,,0,0,354.196524,,0,0,354.196524,,0,0,354.196524,,0,0,354.196524
18993,DECA GLOBAL,1/75/36 100% Polyester Black ,Black,3387.999136,2056.0452,34539.2,35871.153936,34539.2,,693.079229765379,0,2694.91990623462,,588.079229765379,0,2106.84067646924,,558.270907441345,0,1548.5697690279,,196.532962793276,0,1352.03680623462,,20.0828702346211,0,1331.953936,,0,0,1331.953936,,0,0,1331.953936,,0,0,1331.953936,,0,0,1331.953936,,0,0,1331.953936
18788,CS AMERICA,1/75/48 100% Polyester Semi Dull DTY 2H SET SIM ,Semi Dull,3275,4060,0,-785,0,,580,0,2695,,0,0,2695,,0,0,2695,,279.602613962817,0,2415.39738603718,,1025.20958453033,0,1390.18780150685,,1025.20958453033,0,364.978216976524,,1025.20958453033,0,-660.231367553805,,124.768632446195,0,-785,,0,0,-785,,0,0,-785
18233,PROMPTEX YARNS INC,1/150/48 100% Polyester BRT TRILOB ,BRT,5807.8918724,7164.7326,3000,1643.1592724,3000,,3111.20026712616,0,2696.69160527384,,1723.33840043598,0,973.353204837858,,1068.7324152023,0,-95.3792103644389,,301.21173821669,0,-396.590948581129,,384.233075507085,0,-780.824024088214,,357.320351995749,0,-1138.14437608396,,183.223888233013,0,-1321.36826431698,,35.4724632830255,0,-1356.8407276,,0,0,-1356.8407276,,0,0,-1356.8407276
19030,DUNAWAY YARNS INC,30/1 100% Polyester Natural RS,Natural,3453.81888,2500.479,0,953.33988,0,,736.5125104744,0,2717.3063695256,,1142.90542304915,0,1574.40094647645,,621.061066476448,0,953.339880000001,,0,0,953.339880000001,,0,0,953.339880000001,,0,0,953.339880000001,,0,0,953.339880000001,,0,0,953.339880000001,,0,0,953.339880000001,,0,0,953.339880000001
18341,UNIFI,1/70/36 100%RFLX Polyester Semi Dull S Non TS STRNTS ,Semi Dull,2857.4,47.8242000000001,0,2809.5758,0,,47.8242000000001,0,2809.5758,,0,0,2809.5758,,0,0,2809.5758,,0,0,2809.5758,,0,0,2809.5758,,0,0,2809.5758,,0,0,2809.5758,,0,0,2809.5758,,0,0,2809.5758,,0,0,2809.5758
18454,MERIDIAN SPECIALTY YARN GROUP INC,1/150/34 100% Polyester MOCHA ,MOCHA,2962.5349764,61.875,0,2900.6599764,0,,61.875,0,2900.6599764,,0,0,2900.6599764,,0,0,2900.6599764,,0,0,2900.6599764,,0,0,2900.6599764,,0,0,2900.6599764,,0,0,2900.6599764,,0,0,2900.6599764,,0,0,2900.6599764,,0,0,2900.6599764
18673,DECA GLOBAL,1/150/48 100% Polyester Cool Grey 7445-02 ,Cool Grey,3801.0839592,890.997,0,2910.0869592,0,,890.997,0,2910.0869592,,0,0,2910.0869592,,0,0,2910.0869592,,0,0,2910.0869592,,0,0,2910.0869592,,0,0,2910.0869592,,0,0,2910.0869592,,0,0,2910.0869592,,0,0,2910.0869592,,0,0,2910.0869592
11759,UNIFI,1/150/34 100% Polyester Natural SETNTS ,Natural,2935.7318374,0,0,2935.7318374,0,,0,0,2935.7318374,,0,0,2935.7318374,,0,0,2935.7318374,,0,0,2935.7318374,,0,0,2935.7318374,,0,0,2935.7318374,,0,0,2935.7318374,,0,0,2935.7318374,,0,0,2935.7318374,,0,0,2935.7318374
18910,PARKDALE YARN MILLS,30/1 99/1 Polyester Black 1% 99%natural poly/1%black poly MVS,Black 1%,2329.404048,2525.688,5000,4803.716048,0,,318.818268698692,1000,3010.58577930131,,293.936268698692,0,2716.64951060262,,293.936268698692,0,2422.71324190392,,293.936268698692,1000,3128.77697320523,,293.936268698692,0,2834.84070450654,,293.936268698692,0,2540.90443580785,,293.936268698692,1000,3246.96816710916,,293.936268698692,0,2953.03189841046,,149.315850410464,0,2803.716048,,0,2000,4803.716048
18954,OMARA TEXTILES,1/150/34 100% Polyester Fosse Ink A1652 ,Fosse Ink,2198.726362,3451.8492,6072,4818.877162,72,,1040.44786804644,2000,3158.27849395356,,1040.44786804644,0,2117.83062590712,,987.71006701161,2000,3130.12055889551,,347.71216494195,0,2782.40839395356,,35.5312319535602,2000,4746.877162,,0,0,4746.877162,,0,0,4746.877162,,0,0,4746.877162,,0,0,4746.877162,,0,0,4746.877162
19076,COMTRADE,24/1 100% Combed Cotton Natural RS,Natural,3206.196,31.4000000000001,8000,11174.796,0,,31.4000000000001,0,3174.796,,0,0,3174.796,,0,0,3174.796,,0,3150,6324.796,,0,4850,11174.796,,0,0,11174.796,,0,0,11174.796,,0,0,11174.796,,0,0,11174.796,,0,0,11174.796
18904,CS AMERICA,1/150/36 100% Polyester China Grey Set ,China Grey,3542.819304,7173.1288,6449,2818.690504,-3151,,2511.87911502948,2400,3430.94018897052,,1421.79974595227,0,2009.14044301825,,786.320921077401,0,1222.81952194085,,585.798800484969,0,637.020721455881,,747.888078051931,2400,2289.13264340395,,695.344189291703,0,1593.78845411225,,355.441569564456,0,1238.34688454779,,68.6563805477907,0,1169.690504,,0,2400,3569.690504,,0,2400,5969.690504
12150,UNIFI,1/70/34 100% Polyester Black SATURA ,Black,3451.272286,0,0,3451.272286,0,,0,0,3451.272286,,0,0,3451.272286,,0,0,3451.272286,,0,0,3451.272286,,0,0,3451.272286,,0,0,3451.272286,,0,0,3451.272286,,0,0,3451.272286,,0,0,3451.272286,,0,0,3451.272286
18024,UNIFI,1/70/34 100% Nylon Black STR ,Black,3546.6,0,0,3546.6,0,,0,0,3546.6,,0,0,3546.6,,0,0,3546.6,,0,0,3546.6,,0,0,3546.6,,0,0,3546.6,,0,0,3546.6,,0,0,3546.6,,0,0,3546.6,,0,0,3546.6
18869,UNIFI,1/150/34 100% Polyester Black SET Sorbtek ,Black,4258.687296,376.9416,0,3881.745696,0,,376.9416,0,3881.745696,,0,0,3881.745696,,0,0,3881.745696,,0,0,3881.745696,,0,0,3881.745696,,0,0,3881.745696,,0,0,3881.745696,,0,0,3881.745696,,0,0,3881.745696,,0,0,3881.745696
12526,UNIFI,1/300/68 100% Polyester Natural Non-Compliant STRNTS ,Natural,12893.583581,21915.9031,21941.4,12919.080481,1941.4,,8920.7533657684,0,3972.8302152316,,5599.70992445706,20000,18373.1202907745,,2957.65649699983,0,15415.4637937747,,2060.01238889831,0,13355.4514048764,,1281.69871919613,0,12073.7526856803,,681.753990753962,0,11391.9986949263,,347.378242892199,0,11044.6204520341,,66.9399710340958,0,10977.680481,,0,0,10977.680481,,0,0,10977.680481
18376,DECA GLOBAL,30/1 100% Polyester Natural RS,Natural,6859.9153152,6779.3894,3592.6,3673.1259152,3592.6,,2886.64574813917,0,3973.26956706083,,965.538313696326,0,3007.7312533645,,704.176030917749,0,2303.55522244675,,599.761728220211,0,1703.79349422654,,447.072455243364,0,1256.72103898318,,439.00673597533,0,817.714303007847,,293.936268698692,0,523.778034309155,,293.936268698692,0,229.841765610463,,149.315850410464,0,80.5259151999986,,0,0,80.5259151999986
11896,UNIFI,1/750/192 100% Polyester BLK SATUR 56BXUV ,BLK SATUR,10257.015272,7206.4652,12000,15050.550072,0,,6259.68460927415,0,3997.33066272585,,946.780590725849,0,3050.550072,,0,4000,7050.550072,,0,4000,11050.550072,,0,4000,15050.550072,,0,0,15050.550072,,0,0,15050.550072,,0,0,15050.550072,,0,0,15050.550072,,0,0,15050.550072
18617,AKRA POLYESTER GROUP/DAK,1/150/36 100% Polyester Grey Renol ,Grey Renol,4091.6150192,5.66,0,4085.9550192,0,,5.66,0,4085.9550192,,0,0,4085.9550192,,0,0,4085.9550192,,0,0,4085.9550192,,0,0,4085.9550192,,0,0,4085.9550192,,0,0,4085.9550192,,0,0,4085.9550192,,0,0,4085.9550192,,0,0,4085.9550192
18615,AKRA POLYESTER GROUP/DAK,1/150/36 100% Polyester South Sea ,South Sea,4179.6457144,6.935,0,4172.7107144,0,,6.935,0,4172.7107144,,0,0,4172.7107144,,0,0,4172.7107144,,0,0,4172.7107144,,0,0,4172.7107144,,0,0,4172.7107144,,0,0,4172.7107144,,0,0,4172.7107144,,0,0,4172.7107144,,0,0,4172.7107144
18894,DECA GLOBAL,1/150/48 100% Polyester Torso Blue ,Torso Blue,5007.4896612,7289.6664,3000,717.823261200001,0,,3827.91484845319,3000,4179.57481274681,,2025.32382653514,0,2154.25098621167,,1054.52224470199,0,1099.72874150968,,129.576773230107,0,970.151968279571,,129.576773230107,0,840.575195049464,,122.751933849463,0,717.823261200001,,0,0,717.823261200001,,0,0,717.823261200001,,0,0,717.823261200001,,0,0,717.823261200001
18306,MERIDIAN SPECIALTY YARN GROUP INC,1/150/36 100% Polyester NEWROBEGG NTS ,NEWROBEGG,4233.7755352,5.66,0,4228.1155352,0,,5.66,0,4228.1155352,,0,0,4228.1155352,,0,0,4228.1155352,,0,0,4228.1155352,,0,0,4228.1155352,,0,0,4228.1155352,,0,0,4228.1155352,,0,0,4228.1155352,,0,0,4228.1155352,,0,0,4228.1155352
18573,SPUNLAB,36/1 55/45 Modacrylic/Karded Cotton Natural Protex C RS,Natural,4411.595352,15.198,0,4396.397352,0,,15.198,0,4396.397352,,0,0,4396.397352,,0,0,4396.397352,,0,0,4396.397352,,0,0,4396.397352,,0,0,4396.397352,,0,0,4396.397352,,0,0,4396.397352,,0,0,4396.397352,,0,0,4396.397352
10795,UNIFI,1/1950/408 100% Polyester BEIGEHEAT ,BEIGEHEAT,8741.639522,5260.0226,0,3481.616922,0,,4297.22310686552,0,4444.41641513448,,962.799493134485,0,3481.616922,,0,0,3481.616922,,0,0,3481.616922,,0,0,3481.616922,,0,0,3481.616922,,0,0,3481.616922,,0,0,3481.616922,,0,0,3481.616922,,0,0,3481.616922
18372,DECA GLOBAL,1/150/36 100% Polyester Black ,Black,6018.7440776,1484.4996,0,4534.2444776,0,,1484.4996,0,4534.2444776,,0,0,4534.2444776,,0,0,4534.2444776,,0,0,4534.2444776,,0,0,4534.2444776,,0,0,4534.2444776,,0,0,4534.2444776,,0,0,4534.2444776,,0,0,4534.2444776,,0,0,4534.2444776
18865,UNIFI,1/70/34 100% Polyester Natural Virgin 56T ,Natural,4906.3595544,284.4002,16649,21270.9593544,0,,284.4002,0,4621.9593544,,0,16649,21270.9593544,,0,0,21270.9593544,,0,0,21270.9593544,,0,0,21270.9593544,,0,0,21270.9593544,,0,0,21270.9593544,,0,0,21270.9593544,,0,0,21270.9593544,,0,0,21270.9593544
14242,SPUNLAB,36/1 85/15 Modacrylic/Tencel Natural G100 RS,Natural,4632.404847,0,0,4632.404847,0,,0,0,4632.404847,,0,0,4632.404847,,0,0,4632.404847,,0,0,4632.404847,,0,0,4632.404847,,0,0,4632.404847,,0,0,4632.404847,,0,0,4632.404847,,0,0,4632.404847,,0,0,4632.404847
18469,HYOSUNG HOLDINGS USA INC,1/50/1 100% Polyester Semi Dull Monofilament ,Semi Dull,4309.00029,712.2543,600,4196.74599,0,,119.760351015705,600,4789.23993898429,,119.760351015705,0,4669.47958796859,,119.760351015705,0,4549.71923695288,,119.760351015705,0,4429.95888593718,,119.760351015705,0,4310.19853492147,,113.452544921473,0,4196.74599,,0,0,4196.74599,,0,0,4196.74599,,0,0,4196.74599,,0,0,4196.74599
18373,DECA GLOBAL,2/150/48 100% Polyester Black ,Black,5893.8818316,2238.0952,0,3655.7866316,0,,806.001400232543,0,5087.88043136746,,794.906200232543,0,4292.97423113491,,637.187599534914,0,3655.7866316,,0,0,3655.7866316,,0,0,3655.7866316,,0,0,3655.7866316,,0,0,3655.7866316,,0,0,3655.7866316,,0,0,3655.7866316,,0,0,3655.7866316
18594,VERTEX,1/300/120 100% Polyethylene Natural ,Natural,11025.6501282,21373.2401,59124,48776.4100282,8624,,10443.1050024021,5000,5582.5451257979,,5565.24564423188,0,17.2994815660231,,3355.77681115753,11375,8036.52267040849,,1459.92106541574,0,6576.60160499275,,549.191576792752,4875,10902.4100282,,0,0,10902.4100282,,0,4875,15777.4100282,,0,0,15777.4100282,,0,4875,20652.4100282,,0,19500,40152.4100282
18998,DECA GLOBAL,24/1 95/5 Polyester Black 5% RS,Black 5%,5824.8,0,7517.4,13342.2,7517.4,,0,0,5824.8,,0,0,5824.8,,0,0,5824.8,,0,0,5824.8,,0,0,5824.8,,0,0,5824.8,,0,0,5824.8,,0,0,5824.8,,0,0,5824.8,,0,0,5824.8
19003,Atlas Yarns,1/75/36 100% Polyester Semi Dull NIM First Grade Dyeable ,Semi Dull,15567.4578364,59440.9785,0,-43873.5206636,0,,9641.26502288458,0,5926.19281351542,,8233.64983525243,0,-2307.45702173701,,6505.882837725,0,-8813.339859462,,5545.16115618857,0,-14358.5010156506,,5381.19126161485,0,-19739.6922772654,,5281.91432273309,0,-25021.6065999985,,5281.91432273309,0,-30303.5209227316,,5281.91432273309,0,-35585.4352454647,,4188.77135453383,0,-39774.2065999985,,4099.31406360148,0,-43873.5206636
18019,PARKDALE YARN MILLS,18/1 100% Karded Cotton Natural OE,Natural,5252.0615388,10861.9,7281,1671.1615388,481,,6015.17222890946,6800,6036.88930989054,,4846.72777109054,0,1190.1615388,,0,0,1190.1615388,,0,0,1190.1615388,,0,0,1190.1615388,,0,0,1190.1615388,,0,0,1190.1615388,,0,0,1190.1615388,,0,0,1190.1615388,,0,0,1190.1615388
19077,SAPONA,1/150/48 100% Polyester Natural ,Natural,6195.665516,0,0,6195.665516,0,,0,0,6195.665516,,0,0,6195.665516,,0,0,6195.665516,,0,0,6195.665516,,0,0,6195.665516,,0,0,6195.665516,,0,0,6195.665516,,0,0,6195.665516,,0,0,6195.665516,,0,0,6195.665516
18988,OMARA TEXTILES,1/150/36 100% Polyester Raspberry SA1912M1 ,Raspberry,6339,0,2507,8846,2507,,0,0,6339,,0,0,6339,,0,0,6339,,0,0,6339,,0,0,6339,,0,0,6339,,0,0,6339,,0,0,6339,,0,0,6339,,0,0,6339
18614,AKRA POLYESTER GROUP/DAK,1/150/36 100% Polyester Grey Stealth ,Grey Stealth,6346.652312,0,0,6346.652312,0,,0,0,6346.652312,,0,0,6346.652312,,0,0,6346.652312,,0,0,6346.652312,,0,0,6346.652312,,0,0,6346.652312,,0,0,6346.652312,,0,0,6346.652312,,0,0,6346.652312,,0,0,6346.652312
18290,UNIFI,1/150/34 100% Polyester Dawn Grey ,Dawn Grey,5349.762442,2992.2371,2631.2,4988.725342,-2368.8,,1311.30972049603,2500,6538.45272150397,,1025.5354,2500,8012.91732150397,,535.454010248017,0,7477.46331125595,,119.93796925595,0,7357.525342,,0,0,7357.525342,,0,0,7357.525342,,0,0,7357.525342,,0,0,7357.525342,,0,0,7357.525342,,0,0,7357.525342
18845,CS AMERICA,1/75/72 100% Polyester Natural Non Metered - Sub Standard - SET ,Natural,6796.094,12899.8,8721,2617.294,2321,,1528.33992461045,1600,6867.75407538955,,1528.33992461045,1600,6939.4141507791,,1528.33992461045,1600,7011.07422616864,,1528.33992461045,1600,7082.73430155819,,1528.33992461045,0,5554.39437694774,,1528.33992461045,0,4026.05445233728,,1528.33992461045,0,2497.71452772683,,1528.33992461045,0,969.374603116379,,673.080603116377,0,296.294000000002,,0,0,296.294000000002
18646,BARNET,1/150/48 100% Polyester Natural ,Natural,13912.312982,22755.4668,10000,1156.846182,10000,,6813.97980322396,0,7098.33317877604,,4974.41333359005,0,2123.91984518599,,3300.2086422852,0,-1176.28879709921,,2085.15823433774,0,-3261.44703143695,,1617.38863463108,0,-4878.83566606802,,1493.84636129379,0,-6372.68202736181,,1081.06558171265,0,-7453.74760907447,,933.314156762666,0,-8387.06176583713,,456.092052162874,0,-8843.15381800001,,0,0,-8843.15381800001
19091,BARNET,2/300/68 100% Polyester Natural Stretch ,Natural,0,0,40000,40000,32000,,0,8000,8000,,0,0,8000,,0,0,8000,,0,0,8000,,0,0,8000,,0,0,8000,,0,0,8000,,0,0,8000,,0,0,8000,,0,0,8000
19004,PARKDALE YARN MILLS,24/1 96/4 Polyester Black 4% MVS,Black 4%,4138.649418,0,14867,19005.649418,-133,,0,5000,9138.649418,,0,5000,14138.649418,,0,5000,19138.649418,,0,0,19138.649418,,0,0,19138.649418,,0,0,19138.649418,,0,0,19138.649418,,0,0,19138.649418,,0,0,19138.649418,,0,0,19138.649418
18872,PARKDALE YARN MILLS,30/1 98/2 Polyester Ash 2% 2% Black Polyester OE,Ash 2%,12039.474196,3541.0706,0,8498.403596,0,,1025.4761678895,0,11013.9980281105,,1025.1161678895,0,9988.881860221,,801.742424836961,0,9187.13943538404,,498.631062801936,0,8688.50837258211,,190.104776582107,0,8498.403596,,0,0,8498.403596,,0,0,8498.403596,,0,0,8498.403596,,0,0,8498.403596,,0,0,8498.403596
11927,UNIFI,2/300/68 100% Polyester Natural Non-Compliant STRTS ,Natural,11353.7,138.3693,0,11215.3307,0,,138.3693,0,11215.3307,,0,0,11215.3307,,0,0,11215.3307,,0,0,11215.3307,,0,0,11215.3307,,0,0,11215.3307,,0,0,11215.3307,,0,0,11215.3307,,0,0,11215.3307,,0,0,11215.3307
19057,BUHLER QUALITY YARNS CORP,28/1 78/22 Modacrylic/Rayon Natural FR RS,Natural,15525.298,3950.52,8632,20206.778,8632,,3950.52,0,11574.778,,0,0,11574.778,,0,0,11574.778,,0,0,11574.778,,0,0,11574.778,,0,0,11574.778,,0,0,11574.778,,0,0,11574.778,,0,0,11574.778,,0,0,11574.778
14148,MERIDIAN SPECIALTY YARN GROUP INC,1/150/36 100% Polyester Cool Grey ,Cool Grey,12112.2203316,0.481,0,12111.7393316,0,,0.481,0,12111.7393316,,0,0,12111.7393316,,0,0,12111.7393316,,0,0,12111.7393316,,0,0,12111.7393316,,0,0,12111.7393316,,0,0,12111.7393316,,0,0,12111.7393316,,0,0,12111.7393316,,0,0,12111.7393316
18694,PARKDALE YARN MILLS,30/1 100% Karded Cotton Natural Soft Spun OE,Natural,14518.85128,0.399999999999977,0,14518.45128,0,,0.399999999999977,0,14518.45128,,0,0,14518.45128,,0,0,14518.45128,,0,0,14518.45128,,0,0,14518.45128,,0,0,14518.45128,,0,0,14518.45128,,0,0,14518.45128,,0,0,14518.45128,,0,0,14518.45128
18432,SPUNLAB,8/1 55/45 Modacrylic/Karded Cotton Natural PRTXC OE,Natural,16183.1,0,8121,24304.1,8121,,0,0,16183.1,,0,0,16183.1,,0,0,16183.1,,0,0,16183.1,,0,0,16183.1,,0,0,16183.1,,0,0,16183.1,,0,0,16183.1,,0,0,16183.1,,0,0,16183.1
18903,UNIFI,1/70/72 100% Polyester Natural 56T - STR - NON TS - True 70 denier ,Natural,16159.4899824,35698.81218,15665.1,-3874.2221976,-2334.9,,1670.38296695385,3000,17489.1070154462,,1632.97078695385,5500,21356.1362284923,,1632.97078695385,4500,24223.1654415385,,1632.97078695385,0,22590.1946545846,,4951.9890034744,0,17638.2056511102,,5436.34611976306,0,12201.8595313472,,5215.6000545323,0,6986.25947681485,,5215.6000545323,0,1770.65942228255,,5215.6000545323,0,-3444.94063224975,,3094.38156535024,5000,-1539.32219759999
19059,PARKDALE YARN MILLS,14/1 100% Rayon Natural Daiwabo FR OE,Natural,18006.4,0,2371,20377.4,2371,,0,0,18006.4,,0,0,18006.4,,0,0,18006.4,,0,0,18006.4,,0,0,18006.4,,0,0,18006.4,,0,0,18006.4,,0,0,18006.4,,0,0,18006.4,,0,0,18006.4
18612,PARKDALE YARN MILLS,18/1 100% Combed Cotton Natural RS,Natural,18752.2157512,0,0,18752.2157512,0,,0,0,18752.2157512,,0,0,18752.2157512,,0,0,18752.2157512,,0,0,18752.2157512,,0,0,18752.2157512,,0,0,18752.2157512,,0,0,18752.2157512,,0,0,18752.2157512,,0,0,18752.2157512,,0,0,18752.2157512
18763,MUTU GADING TEKSTIL,2/300/68 100% Polyester Semi Dull LIM (Low Intermingle) SH (Single Heater) ,Semi Dull,21329.5090366,46328.2688,31817,6818.24023660001,-183,,17445.193879629,17000,20884.315156971,,12353.49028653,10000,18530.824870441,,8933.01477587034,5000,14597.8100945707,,3585.24666754766,0,11012.563427023,,1700.92432669851,0,9311.63910032449,,1415.76957063513,0,7895.86952968936,,747.018074911604,0,7148.85145477776,,147.611218177751,0,7001.24023660001,,0,0,7001.24023660001,,0,0,7001.24023660001
18659,SPUNLAB,40/1 50/37/13 Polyester/Modal Rayon/Karded Cotton Natural repreve poly - modal rayon - karded cotton 1088 RS,Natural,21012.68,77.2000000000007,8174,29109.48,8174,,77.2000000000007,0,20935.48,,0,0,20935.48,,0,0,20935.48,,0,0,20935.48,,0,0,20935.48,,0,0,20935.48,,0,0,20935.48,,0,0,20935.48,,0,0,20935.48,,0,0,20935.48
18438,"BIELTEX, S.L.",20/1 100% Polyester Semi Dull ,Semi Dull,24818.08764,12134.2024,0,12683.88524,0,,3700.19731388931,0,21117.8903261107,,3360.14411361046,0,17757.7462125002,,1791.80463134523,0,15965.941581155,,1335.33151129741,0,14630.6100698576,,596.653142535601,0,14033.956927322,,596.653142535601,0,13437.3037847864,,596.653142535601,0,12840.6506422508,,156.765402250789,0,12683.88524,,0,0,12683.88524,,0,0,12683.88524
18334,"BIELTEX, S.L.",60/1 100% Combed Cotton Natural RS,Natural,36756.999272,0.146700000000001,0,36756.852572,0,,0.146700000000001,0,36756.852572,,0,0,36756.852572,,0,0,36756.852572,,0,0,36756.852572,,0,0,36756.852572,,0,0,36756.852572,,0,0,36756.852572,,0,0,36756.852572,,0,0,36756.852572,,0,0,36756.852572
18426,DECA GLOBAL,24/1 100% Bamboo Natural ,Natural,45483.90466,2294.50666,0,43189.398,0,,2294.50666,0,43189.398,,0,0,43189.398,,0,0,43189.398,,0,0,43189.398,,0,0,43189.398,,0,0,43189.398,,0,0,43189.398,,0,0,43189.398,,0,0,43189.398,,0,0,43189.398
11999,UNIFI,1/150/34 100% Polyester CAFEAULAT 9430L ,CAFEAULAT,49962.6053976,220.8962,0,49741.7091976,0,,220.8962,0,49741.7091976,,0,0,49741.7091976,,0,0,49741.7091976,,0,0,49741.7091976,,0,0,49741.7091976,,0,0,49741.7091976,,0,0,49741.7091976,,0,0,49741.7091976,,0,0,49741.7091976,,0,0,49741.7091976
