Style,Yarn,Percentage,This Week,Week 37,Week 38,Week 39,Week 40,Week 41,Week 42,Week 43,Week 44,Later,Total
125792/1,18767,91.4,957.9634,,,,,,,,,,957.9634
125792/1,18929,8.6,90.1366,,,,,,,,,,90.1366
180001/20ST2,18320,13.1,275.643227632559,336.897278217572,336.897278217572,336.897278217572,336.897278217572,238.330059497152,,,,,1861.5624
180001/20ST2,18707,57.2,1203.57195576965,1471.03239038512,1471.03239038512,1471.03239038512,1471.03239038512,1040.64728268986,,,,,8128.3488
180001/20ST2,18708,29.7,624.931592418855,763.805279623045,763.805279623045,763.805279623045,763.805279623045,540.336089088964,,,,,4220.4888
1853/L,18669,100.0,293.2,,,,,,,,,,293.2
1853/LU,18903,100.0,1336.06700750769,1632.97078695385,1632.97078695385,1632.97078695385,1632.97078695385,270.349844676913,,,,,8138.3
1874/0,18770,100.0,2080.9,,,,,,,,,,2080.9
1874/B,19057,100.0,3031.06634785102,167.533652148977,,,,,,,,,3198.6
1924/0,13560,6.01,48.08,,,,,,,,,,48.08
1924/0,19057,93.99,751.92,,,,,,,,,,751.92
1945/R,19095,100.0,3018.84295998901,537.557040010988,,,,,,,,,3556.4
1SM0470/30G,9863,55.3,4794.88722354229,1762.69737645771,,,,,,,,,6557.5846
1SM0470/30G,11896,44.7,3875.79491667885,1424.82048332115,,,,,,,,,5300.6154
2027-2.5/MVS1,18770,70.3,1657.39107315976,537.023426840243,,,,,,,,,2194.4145
2027-2.5/MVS1,18774,29.7,700.206470452984,226.879029547016,,,,,,,,,927.0855
205FLX2006/B,18696,53.68,306.563992567792,374.689324249523,374.689324249523,374.689324249523,374.689324249523,374.689324249523,374.689324249523,374.689324249523,374.689324249523,12136.973413436,15441.052
205FLX2006/B,18870,46.32,264.531373616619,323.316123309201,323.316123309201,323.316123309201,323.316123309201,323.316123309201,323.316123309201,323.316123309201,323.316123309201,10472.8876399098,13323.948
2094/1,1571,12.6,175.392,,,,,,,,,,175.392
2094/1,10402,87.4,1216.608,,,,,,,,,,1216.608
2094/CC,14415,12.6,13.1166,,,,,,,,,,13.1166
2094/CC,18771,87.4,90.9834000000003,,,,,,,,,,90.9834000000003
2094/R,14415,12.6,400.9572,,,,,,,,,,400.9572
2094/R,19095,87.4,2781.2428,,,,,,,,,,2781.2428
3009OW/0,18019,100.0,4921.50455092593,5940.39544907407,,,,,,,,,10861.9
601SM0312/M2,11427,17.2,,,,,,,,,,,0.0
601SM0312/M2,11505,54.3,,,,,,,,,,,0.0
601SM0312/M2,18565,28.5,,,,,,,,,,,0.0
641SM0693/0,10995,57.9,23.2179,,,,,,,,,,23.2179
641SM0693/0,11896,42.1,16.8821,,,,,,,,,,16.8821
701SM0824/0,11896,90.1,97.0377,,,,,,,,,,97.0377
701SM0824/0,18290,9.9,10.6623,,,,,,,,,,10.6623
71246/BB,18645,58.1,1555.9761,,,,,,,,,,1555.9761
71246/BB,19054,41.9,1122.1239,,,,,,,,,,1122.1239
721SM0470/U,9863,58.0,1740.0,,,,,,,,,,1740.0
721SM0470/U,11896,42.0,1260.0,,,,,,,,,,1260.0
721SM0627/1,10027,8.6,261.392376241788,148.922223758212,,,,,,,,,410.3146
721SM0627/1,10153,35.8,1088.12175226233,619.932047737672,,,,,,,,,1708.0538
721SM0627/1,10795,55.6,1689.93210686552,962.799493134485,,,,,,,,,2652.7316
751SM0780/1,10027,71.7,2801.9672676071,2713.21926040868,1488.31126619645,550.527405787772,,,,,,,7554.0252
751SM0780/1,18290,28.3,1105.93687131494,1070.90802049603,587.436664342532,217.293243846498,,,,,,,2981.5748
910001/ST2,18707,50.2,747.386808435739,11.1351915642612,,,,,,,,,758.522
910001/ST2,18758,25.5,379.648677591859,5.65632240814062,,,,,,,,,385.305
910001/ST2,18869,24.3,361.78285746989,5.3901425301105,,,,,,,,,367.173
BK 5425/1,10027,8.6,309.037139964637,62.0528600353632,,,,,,,,,371.09
BK 5425/1,10153,39.3,1412.22786053607,283.567139463927,,,,,,,,,1695.795
BK 5425/1,10795,52.1,1872.19011536716,375.92488463284,,,,,,,,,2248.115
BK 7215/6020M,14734,6.6,105.6,,,,,,,,,,105.6
BK 7215/6020M,19081,46.7,747.2,,,,,,,,,,747.2
BK 7215/6020M,19082,46.7,747.2,,,,,,,,,,747.2
BK 8101/0,11409,1.5,1.467,,,,,,,,,,1.467
BK 8101/0,18341,48.9,47.8242000000001,,,,,,,,,,47.8242000000001
BK 8101/0,18344,49.6,48.5088000000001,,,,,,,,,,48.5088000000001
C1B3194/1D,18598,45.7,900.155113478581,1100.18958314049,741.655303380931,,,,,,,,2742.0
C1B3194/1D,18894,54.3,1069.54973001941,1307.2274478015,881.222822179093,,,,,,,,3258.0
C1B3402-42/1D,18307,10.4,204.048,,,,,,,,,,204.048
C1B3402-42/1D,18594,41.8,820.116,,,,,,,,,,820.116
C1B3402-42/1D,18763,35.4,694.548,,,,,,,,,,694.548
C1B3402-42/1D,18894,11.1,217.782,,,,,,,,,,217.782
C1B3402-42/1D,18929,1.3,25.506,,,,,,,,,,25.506
C1B3472/1L,18307,9.2,250.1848,,,,,,,,,,250.1848
C1B3472/1L,18594,36.6,995.3004,,,,,,,,,,995.3004
C1B3472/1L,18894,9.9,269.2206,,,,,,,,,,269.2206
C1B3472/1L,18929,0.5,13.597,,,,,,,,,,13.597
C1B3472/1L,18987,43.8,1191.0972,,,,,,,,,,1191.0972
C1B3912-42/1D,18307,9.3,186.0,,,,,,,,,,186.0
C1B3912-42/1D,18414,45.1,902.0,,,,,,,,,,902.0
C1B3912-42/1D,18594,36.0,720.0,,,,,,,,,,720.0
C1B3912-42/1D,18646,9.0,180.0,,,,,,,,,,180.0
C1B3912-42/1D,18929,0.6,12.0,,,,,,,,,,12.0
C1B3917/1B,18414,30.1,518.623,,,,,,,,,,518.623
C1B3917/1B,18763,18.3,315.309,,,,,,,,,,315.309
C1B3917/1B,18893,11.7,201.591,,,,,,,,,,201.591
C1B3917/1B,18894,11.3,194.699,,,,,,,,,,194.699
C1B3917/1B,18900,28.6,492.778,,,,,,,,,,492.778
C1B3987C/1DU,12047,9.3,431.252647139073,126.747352860928,,,,,,,,,558.0
C1B3987C/1DU,18414,46.3,2146.98898521925,631.011014780747,,,,,,,,,2778.0
C1B3987C/1DU,18594,31.0,1437.50882379691,422.491176203092,,,,,,,,,1860.0
C1B3987C/1DU,18733,9.6,445.164022853236,130.835977146764,,,,,,,,,576.0
C1B3987C/1DU,18929,0.2,9.27425047610909,2.72574952389091,,,,,,,,,12.0
C1B3987C/1DU,19030,3.6,166.936508569964,49.0634914300365,,,,,,,,,216.0
C1B4014-42/1AT,18363,10.9,,,,,,,,,,,0.0
C1B4014-42/1AT,18594,45.2,,,,,,,,,,,0.0
C1B4014-42/1AT,18763,37.0,,,,,,,,,,,0.0
C1B4014-42/1AT,18929,0.7,,,,,,,,,,,0.0
C1B4014-42/1AT,19003,6.2,,,,,,,,,,,0.0
C1B4033/1B,12526,12.5,281.914781286071,25.2102187139294,,,,,,,,,307.125
C1B4033/1B,18376,39.0,879.57411761254,78.6558823874598,,,,,,,,,958.23
C1B4033/1B,18763,24.9,561.574244321853,50.2187556781474,,,,,,,,,611.793
C1B4033/1B,18865,7.7,173.659505272219,15.5294947277805,,,,,,,,,189.189
C1B4033/1B,18894,15.9,358.595601795882,32.0673982041182,,,,,,,,,390.663
C1B4038/1C,12526,25.9,553.619072914221,288.130927085779,,,,,,,,,841.75
C1B4038/1C,18376,41.0,876.385404999346,456.114595000654,,,,,,,,,1332.5
C1B4038/1C,18893,16.3,348.416636621691,181.333363378309,,,,,,,,,529.75
C1B4038/1C,18894,16.8,359.104263511927,186.895736488073,,,,,,,,,546.0
C1B4125A/1CO,18233,16.2,398.682,,,,,,,,,,398.682
C1B4125A/1CO,18358,8.4,206.724,,,,,,,,,,206.724
C1B4125A/1CO,18372,26.2,644.782,,,,,,,,,,644.782
C1B4125A/1CO,18894,8.4,206.724,,,,,,,,,,206.724
C1B4125A/1CO,19020,40.8,1004.088,,,,,,,,,,1004.088
C1B4125A/1T,18233,16.2,402.141998590926,491.506887166687,483.351114242388,,,,,,,,1377.0
C1B4125A/1T,18293,8.4,208.518073343443,254.855422975319,250.626503681238,,,,,,,,714.0
C1B4125A/1T,18373,26.2,650.377800190263,794.906200232543,781.715999577195,,,,,,,,2227.0
C1B4125A/1T,18894,8.4,208.518073343443,254.855422975319,250.626503681238,,,,,,,,714.0
C1B4125A/1T,19020,40.8,1012.80207052529,1237.86919730869,1217.32873216601,,,,,,,,3468.0
C1B4139A/1B,12526,28.5,68.115,,,,,,,,,,68.115
C1B4139A/1B,18832,44.4,106.116,,,,,,,,,,106.116
C1B4139A/1B,18894,18.2,43.498,,,,,,,,,,43.498
C1B4139A/1B,19003,8.9,21.271,,,,,,,,,,21.271
C1B4312A/2RECA,12526,15.9,895.28303777397,1094.23482394596,760.583581113015,141.281757167051,,,,,,,2891.3832
C1B4312A/2RECA,18594,27.9,1570.96834930149,1920.07242692405,1334.60892534925,247.909498425203,,,,,,,5073.5592
C1B4312A/2RECA,18872,8.2,461.718296210475,564.322362035025,392.250651894762,72.8622898597372,,,,,,,1491.1536
C1B4312A/2RECA,18927,31.7,1784.93536461854,2181.58766786711,1516.38361769073,281.674949823618,,,,,,,5764.5816
C1B4312A/2RECA,18929,0.6,33.7842655763762,41.2918801489043,28.7012672118119,5.3313870629076,,,,,,,109.1088
C1B4312A/2RECA,18961,10.8,608.116780374772,743.253842680277,516.622809812614,95.9649671323367,,,,,,,1963.9584
C1B4312A/2RECA,19003,4.9,275.904835540406,337.217021216052,234.393682229797,43.5396610137454,,,,,,,891.0552
C1B4313A/3REC,18594,26.0,1.04,,,,,,,,,,1.04
C1B4313A/3REC,18865,4.7,0.188,,,,,,,,,,0.188
C1B4313A/3REC,18872,9.0,0.36,,,,,,,,,,0.36
C1B4313A/3REC,18927,30.1,1.204,,,,,,,,,,1.204
C1B4313A/3REC,18929,0.6,0.024,,,,,,,,,,0.024
C1B4313A/3REC,18961,11.8,0.472,,,,,,,,,,0.472
C1B4313A/3REC,19066,17.8,0.712,,,,,,,,,,0.712
C1B4313A/3RECU,12526,17.8,745.648158564511,911.347749356625,911.347749356625,911.347749356625,497.540593365613,,,,,,3977.232
C1B4313A/3RECU,18594,26.0,1089.14899565603,1331.18210580181,1331.18210580181,1331.18210580181,726.744686938536,,,,,,5809.44
C1B4313A/3RECU,18872,9.0,377.013113880933,460.793805854473,460.793805854473,460.793805854473,251.565468555647,,,,,,2010.96
C1B4313A/3RECU,18927,30.1,1260.89941420179,1541.09928402441,1541.09928402441,1541.09928402441,841.346733724999,,,,,,6725.544
C1B4313A/3RECU,18929,0.6,25.1342075920622,30.7195870569649,30.7195870569649,30.7195870569649,16.7710312370431,,,,,,134.064
C1B4313A/3RECU,18961,11.8,494.30608264389,604.151878786976,604.151878786976,604.151878786976,329.830280995182,,,,,,2636.592
C1B4313A/3RECU,19003,4.7,196.88462613782,240.636765279558,240.636765279558,240.636765279558,131.373078023505,,,,,,1050.168
C1B4338A/1KD,18673,13.5,236.25,,,,,,,,,,236.25
C1B4338A/1KD,18763,33.2,581.0,,,,,,,,,,581.0
C1B4338A/1KD,18929,0.6,10.5,,,,,,,,,,10.5
C1B4338A/1KD,18973,47.4,829.5,,,,,,,,,,829.5
C1B4338A/1KD,19003,5.3,92.75,,,,,,,,,,92.75
C1B4374A/1H,12526,8.1,222.75,,,,,,,,,,222.75
C1B4374A/1H,18233,11.6,319.0,,,,,,,,,,319.0
C1B4374A/1H,18673,13.2,363.0,,,,,,,,,,363.0
C1B4374A/1H,18763,16.2,445.5,,,,,,,,,,445.5
C1B4374A/1H,18929,0.7,19.25,,,,,,,,,,19.25
C1B4374A/1H,18973,50.2,1380.5,,,,,,,,,,1380.5
C1B4546A/2D,18233,12.2,95.892,,,,,,,,,,95.892
C1B4546A/2D,18312,26.2,205.932,,,,,,,,,,205.932
C1B4546A/2D,18414,55.5,436.23,,,,,,,,,,436.23
C1B4546A/2D,18865,5.5,43.23,,,,,,,,,,43.23
C1B4546A/2D,18929,0.6,4.716,,,,,,,,,,4.716
C1B4571A/1N,18646,7.4,912.962160894505,1115.84264109328,1092.82798032302,474.348938732785,70.4740789564114,,,,,,3666.4558
C1B4571A/1N,18712,8.0,986.986119885951,1206.3163687495,1181.43565440326,512.809663494903,76.1881934663909,,,,,,3963.736
C1B4571A/1N,18763,35.3,4355.07625399676,5322.87097710715,5213.08482505438,2262.77264017126,336.180403670449,,,,,,17489.9851
C1B4571A/1N,18929,0.7,86.3612854900207,105.552682265581,103.375619760285,44.870845555804,6.6664669283092,,,,,,346.8269
C1B4571A/1N,18954,6.9,851.275528401633,1040.44786804644,1018.98825192281,442.298334764354,65.7123168647623,,,,,,3418.7223
C1B4571A/1N,18993,3.9,481.155733444401,588.079229765379,575.949881521589,249.994710953765,37.1417443148655,,,,,,1932.3213
C1B4571A/1N,19046,37.8,4663.50941646112,5699.84484234136,5582.2834670554,2423.02566001342,359.989214128696,,,,,,18728.6526
C1B4584A/1E,18358,10.9,188.788,,,,,,,,,,188.788
C1B4584A/1E,18414,56.5,978.58,,,,,,,,,,978.58
C1B4584A/1E,18929,0.7,12.124,,,,,,,,,,12.124
C1B4584A/1E,19003,5.3,91.796,,,,,,,,,,91.796
C1B4584A/1E,19030,26.6,460.712,,,,,,,,,,460.712
C1B4612A/1,12526,8.1,79.461,,,,,,,,,,79.461
C1B4612A/1,18233,22.0,215.82,,,,,,,,,,215.82
C1B4612A/1,18452,46.2,453.222,,,,,,,,,,453.222
C1B4612A/1,18673,23.7,232.497,,,,,,,,,,232.497
C1B4613A/1,12526,15.9,316.887,,,,,,,,,,316.887
C1B4613A/1,18233,19.7,392.621,,,,,,,,,,392.621
C1B4613A/1,18372,22.4,446.432,,,,,,,,,,446.432
C1B4613A/1,18452,42.0,837.06,,,,,,,,,,837.06
C1B4639A/1,18726,53.1,,,,,,,,,,,0.0
C1B4639A/1,18861,24.5,,,,,,,,,,,0.0
C1B4639A/1,19019,22.4,,,,,,,,,,,0.0
C1B4746A/1,18233,15.0,,,,,,,,,,,0.0
C1B4746A/1,18452,28.8,,,,,,,,,,,0.0
C1B4746A/1,18614,15.6,,,,,,,,,,,0.0
C1B4746A/1,18794,40.6,,,,,,,,,,,0.0
C1B4771A/1,14148,13.0,0.481,,,,,,,,,,0.481
C1B4771A/1,18233,11.8,0.4366,,,,,,,,,,0.4366
C1B4771A/1,18763,28.8,1.0656,,,,,,,,,,1.0656
C1B4771A/1,18929,0.5,0.0185,,,,,,,,,,0.0185
C1B4771A/1,19033,45.9,1.6983,,,,,,,,,,1.6983
C1B4798A/1,18372,60.31,21.7116,,,,,,,,,,21.7116
C1B4798A/1,18373,30.82,11.0952,,,,,,,,,,11.0952
C1B4798A/1,18865,8.87,3.1932,,,,,,,,,,3.1932
C2B3237/3B,18086,17.3,302.75,,,,,,,,,,302.75
C2B3237/3B,18229,6.4,112.0,,,,,,,,,,112.0
C2B3237/3B,18414,48.0,840.0,,,,,,,,,,840.0
C2B3237/3B,18646,27.7,484.75,,,,,,,,,,484.75
C2B3237/3B,18929,0.6,10.5,,,,,,,,,,10.5
CEE2746/1L,12526,12.1,,,,,220.583314304069,21.416685695931,,,,,242.0
CEE2746/1L,18233,6.3,,,,,114.84916364592,11.1508363540798,,,,,126.0
CEE2746/1L,18375,28.0,,,,,510.440727315201,49.5592726847988,,,,,560.0
CEE2746/1L,18646,6.3,,,,,114.84916364592,11.1508363540798,,,,,126.0
CEE2746/1L,18737,10.2,,,,,185.946264950538,18.0537350494625,,,,,204.0
CEE2746/1L,18763,24.2,,,,,441.166628608138,42.8333713918619,,,,,484.0
CEE2746/1L,18904,12.3,,,,,224.229319499178,21.7706805008224,,,,,246.0
CEE2746/1L,18929,0.6,,,,,10.9380155853257,1.06198441467426,,,,,12.0
CEE2748/1D,12526,12.1,,,,,258.084946040028,405.562058062902,32.10299589707,,,,695.75
CEE2748/1D,18233,6.3,,,,,134.374806615883,211.160410396387,16.7147829877307,,,,362.25
CEE2748/1D,18375,28.0,,,,,597.221362737256,938.49071287283,74.2879243899141,,,,1610.0
CEE2748/1D,18646,6.3,,,,,134.374806615883,211.160410396387,16.7147829877307,,,,362.25
CEE2748/1D,18737,10.2,,,,,217.559210711429,341.878759689388,27.0620295991831,,,,586.5
CEE2748/1D,18763,24.2,,,,,516.169892080057,811.124116125803,64.20599179414,,,,1391.5
CEE2748/1D,18904,12.3,,,,,262.350812916723,412.26556315485,32.6336239284266,,,,707.25
CEE2748/1D,18929,0.6,,,,,12.797600630084,20.1105152758464,1.59188409406959,,,,34.5
CEE2750/1L,12526,12.1,,,,,,,60.5,,,,60.5
CEE2750/1L,18233,6.3,,,,,,,31.5,,,,31.5
CEE2750/1L,18375,28.0,,,,,,,140.0,,,,140.0
CEE2750/1L,18646,6.3,,,,,,,31.5,,,,31.5
CEE2750/1L,18737,10.2,,,,,,,51.0,,,,51.0
CEE2750/1L,18763,24.2,,,,,,,121.0,,,,121.0
CEE2750/1L,18904,12.3,,,,,,,61.5,,,,61.5
CEE2750/1L,18929,0.6,,,,,,,3.0,,,,3.0
CEE2837/1CL,12526,11.7,234.0,,,,,,,,,,234.0
CEE2837/1CL,18233,6.2,124.0,,,,,,,,,,124.0
CEE2837/1CL,18375,30.1,602.0,,,,,,,,,,602.0
CEE2837/1CL,18646,6.2,124.0,,,,,,,,,,124.0
CEE2837/1CL,18737,9.9,198.0,,,,,,,,,,198.0
CEE2837/1CL,18763,23.4,468.0,,,,,,,,,,468.0
CEE2837/1CL,18904,11.9,238.0,,,,,,,,,,238.0
CEE2837/1CL,18929,0.6,12.0,,,,,,,,,,12.0
CEE2838/1IN ,12526,12.1,319.682977967358,390.723639737882,390.723639737882,390.255242556879,,,,,,,1491.3855
CEE2838/1IN ,18233,6.3,166.446509189616,203.434622342864,203.434622342864,203.190746124656,,,,,,,776.5065
CEE2838/1IN ,18438,28.0,739.76226306496,904.153877079396,904.153877079396,903.069982776248,,,,,,,3451.14
CEE2838/1IN ,18646,6.3,166.446509189616,203.434622342864,203.434622342864,203.190746124656,,,,,,,776.5065
CEE2838/1IN ,18737,10.2,269.484824402236,329.370340936066,329.370340936066,328.975493725633,,,,,,,1257.201
CEE2838/1IN ,18763,24.2,639.365955934716,781.447279475763,781.447279475763,780.510485113757,,,,,,,2982.771
CEE2838/1IN ,18904,12.3,324.966994132108,397.18188171702,397.18188171702,396.705742433852,,,,,,,1516.0365
CEE2838/1IN ,18929,0.6,15.8520484942491,19.3747259374156,19.3747259374156,19.3514996309196,,,,,,,73.953
CEE2839/1CL,12526,12.1,419.751229354835,513.029280322576,219.03059032259,,,,,,,,1151.8111
CEE2839/1CL,18233,6.3,218.548160738468,267.114418680349,114.040720581183,,,,,,,,599.7033
CEE2839/1CL,18438,28.0,971.325158837634,1187.17519413489,506.847647027481,,,,,,,,2665.348
CEE2839/1CL,18646,6.3,218.548160738468,267.114418680349,114.040720581183,,,,,,,,599.7033
CEE2839/1CL,18737,10.2,353.839879290852,432.470963577708,184.637357131439,,,,,,,,970.9482
CEE2839/1CL,18763,24.2,839.502458709669,1026.05856064515,438.06118064518,,,,,,,,2303.6222
CEE2839/1CL,18904,12.3,426.689266203675,521.509103137825,222.6509306585,,,,,,,,1170.8493
CEE2839/1CL,18929,0.6,20.8141105465207,25.4394684457476,10.8610210077317,,,,,,,,57.1146
CEE2840/1ICG,12526,11.3,308.857712823821,319.309287176179,,,,,,,,,628.167
CEE2840/1ICG,18233,6.0,163.995245747161,169.544754252839,,,,,,,,,333.54
CEE2840/1ICG,18438,30.3,828.175991023165,856.201008976835,,,,,,,,,1684.377
CEE2840/1ICG,18646,5.9,161.261991651375,166.719008348625,,,,,,,,,327.981
CEE2840/1ICG,18737,11.3,308.857712823821,319.309287176179,,,,,,,,,628.167
CEE2840/1ICG,18763,23.7,647.781220701287,669.701779298713,,,,,,,,,1317.483
CEE2840/1ICG,18904,10.9,297.924696440676,308.006303559324,,,,,,,,,605.931
CEE2840/1ICG,18929,0.6,16.3995245747161,16.9544754252839,,,,,,,,,33.354
CEE2841/1D,12526,12.1,331.823502051465,61.426497948535,,,,,,,,,393.25
CEE2841/1D,18233,6.3,172.767608506135,31.9823914938653,,,,,,,,,204.75
CEE2841/1D,18375,28.0,767.856037805043,142.143962194957,,,,,,,,,910.0
CEE2841/1D,18646,6.3,172.767608506135,31.9823914938653,,,,,,,,,204.75
CEE2841/1D,18737,10.2,279.718985200409,51.7810147995914,,,,,,,,,331.5
CEE2841/1D,18763,24.2,663.64700410293,122.85299589707,,,,,,,,,786.5
CEE2841/1D,18904,12.3,337.308188035787,62.4418119642132,,,,,,,,,399.75
CEE2841/1D,18929,0.6,16.4540579529652,3.04594204703479,,,,,,,,,19.5
CEE3050/1CU,12526,11.7,208.452474814197,254.775246995129,254.775246995129,254.775246995129,254.775246995129,254.775246995129,254.775246995129,113.262743215028,,,1850.3667
CEE3050/1CU,18233,6.2,110.461995200685,135.009105245282,135.009105245282,135.009105245282,135.009105245282,135.009105245282,135.009105245282,60.0195733276223,,,980.5362
CEE3050/1CU,18438,27.4,488.170752983674,596.653142535601,596.653142535601,596.653142535601,596.653142535601,596.653142535601,596.653142535601,265.247791802716,,,4333.3374
CEE3050/1CU,18646,6.2,110.461995200685,135.009105245282,135.009105245282,135.009105245282,135.009105245282,135.009105245282,135.009105245282,60.0195733276223,,,980.5362
CEE3050/1CU,18737,10.1,179.946153472084,219.934187576992,219.934187576992,219.934187576992,219.934187576992,219.934187576992,219.934187576992,97.7738210659651,,,1597.3251
CEE3050/1CU,18763,25.8,459.664431641562,561.812083117464,561.812083117464,561.812083117464,561.812083117464,561.812083117464,561.812083117464,249.758869653653,,,4080.2958
CEE3050/1CU,18904,12.0,213.797410065843,261.30794563603,261.30794563603,261.30794563603,261.30794563603,261.30794563603,261.30794563603,116.166916117978,,,1897.812
CEE3050/1CU,18929,0.6,10.6898705032921,13.0653972818015,13.0653972818015,13.0653972818015,13.0653972818015,13.0653972818015,13.0653972818015,5.80834580589891,,,94.8906
CEE3267/3CEL,18307,10.1,51.3585,,,,,,,,,,51.3585
CEE3267/3CEL,18358,12.0,61.02,,,,,,,,,,61.02
CEE3267/3CEL,18430,25.2,128.142,,,,,,,,,,128.142
CEE3267/3CEL,18605,10.3,52.3755,,,,,,,,,,52.3755
CEE3267/3CEL,18763,42.4,215.604,,,,,,,,,,215.604
CEE3466/1L,18307,8.8,161.514815159221,197.406996305715,103.078188535064,,,,,,,,462.0
CEE3466/1L,18594,30.5,559.795666176847,684.194703105035,357.259630718119,,,,,,,,1601.25
CEE3466/1L,18646,10.9,200.058123322217,244.515484060488,127.676392617295,,,,,,,,572.25
CEE3466/1L,18763,39.0,715.80429445564,874.871915445782,456.823790098578,,,,,,,,2047.5
CEE3466/1L,18894,10.1,185.374958307743,226.569393487241,118.305648205016,,,,,,,,530.25
CEE3466/1L,18929,0.7,12.8477693876653,15.702829251591,8.1994013607437,,,,,,,,36.75
CEE4078/2A,12526,11.6,350.997229759763,229.993692195529,151.641878044708,,,,,,,,732.6328
CEE4078/2A,18208,10.1,305.609656946,200.253128549556,132.033014504444,,,,,,,,637.8958
CEE4078/2A,18594,38.5,1164.9477022199,763.341133579989,503.294164200109,,,,,,,,2431.583
CEE4078/2A,18646,10.7,323.764686071505,212.149354007945,139.87655992055,,,,,,,,675.7906
CEE4078/2A,18763,23.1,698.968621331941,458.004680147993,301.976498520066,,,,,,,,1458.9498
CEE4078/2A,18929,0.7,21.1808673130891,13.8789297014543,9.15080298545653,,,,,,,,44.2106
CEE4078/2A,19003,5.3,160.36942394196,105.08332488244,69.2846511755994,,,,,,,,334.7374
CEE4293A/1V,12526,10.5,,,,,,,,,,,0.0
CEE4293A/1V,18133,24.2,,,,,,,,,,,0.0
CEE4293A/1V,18454,11.1,,,,,,,,,,,0.0
CEE4293A/1V,18594,31.6,,,,,,,,,,,0.0
CEE4293A/1V,18763,22.0,,,,,,,,,,,0.0
CEE4293A/1V,18929,0.6,,,,,,,,,,,0.0
CEE4317A/1L,18164,11.2,178.485126914449,218.148488450993,218.148488450993,169.217896183566,,,,,,,784.0
CEE4317A/1L,18376,13.2,210.357471006314,257.103575674384,257.103575674384,199.435377644917,,,,,,,924.0
CEE4317A/1L,18598,11.2,178.485126914449,218.148488450993,218.148488450993,169.217896183566,,,,,,,784.0
CEE4317A/1L,18646,11.2,178.485126914449,218.148488450993,218.148488450993,169.217896183566,,,,,,,784.0
CEE4317A/1L,18763,52.4,835.055415206885,1020.62328525286,1020.62328525286,791.698014287398,,,,,,,3668.0
CEE4317A/1L,18929,0.8,12.7489376367463,15.5820348893566,15.5820348893566,12.0869925845404,,,,,,,56.0
CEE4585A/1B,18594,30.2,666.686579560489,814.839152796153,405.974267643359,,,,,,,,1887.5
CEE4585A/1B,18646,17.6,388.532576167702,474.873148649414,236.594275182884,,,,,,,,1100.0
CEE4585A/1B,18763,40.3,889.651296565817,1087.35158469155,541.747118742628,,,,,,,,2518.75
CEE4585A/1B,18900,10.5,231.795002827322,283.305003455616,141.149993717062,,,,,,,,656.25
CEE4585A/1B,18929,1.4,30.9060003769763,37.7740004607488,18.8199991622749,,,,,,,,87.5
CEE4638A/1,12047,12.2,149.371934206704,182.565697363749,182.565697363749,182.565697363749,95.9309737020475,,,,,,793.0
CEE4638A/1,12526,33.5,410.160639010212,501.307447679148,501.307447679148,501.307447679148,263.417017952343,,,,,,2177.5
CEE4638A/1,18553,31.0,379.551636099002,463.896444121003,463.896444121003,463.896444121003,243.759031537989,,,,,,2015.0
CEE4638A/1,18646,8.8,107.743690247459,131.686732524672,131.686732524672,131.686732524672,69.196112178526,,,,,,572.0
CEE4638A/1,18679,6.8,83.2564879184908,101.757929678155,101.757929678155,101.757929678155,53.4697230470428,,,,,,442.0
CEE4638A/1,18929,1.3,15.9166815138291,19.4537218502356,19.4537218502356,19.4537218502356,10.2221529354641,,,,,,84.5
CEE4638A/1,18966,6.4,78.3590474526973,95.7721691088522,95.7721691088522,95.7721691088522,50.3244452207461,,,,,,416.0
CEE4690A/1,19062,19.2,4.5312,,,,,,,,,,4.5312
CEE4739A/1,18594,16.51,8.255,,,,,,,,,,8.255
CEE4739A/1,18617,11.32,5.66,,,,,,,,,,5.66
CEE4739A/1,18622,11.32,5.66,,,,,,,,,,5.66
CEE4739A/1,18763,44.34,22.17,,,,,,,,,,22.17
CEE4739A/1,18865,7.04,3.52,,,,,,,,,,3.52
CEE4739A/1,19030,9.47,4.735,,,,,,,,,,4.735
CEE4750A/1,11999,11.26,5.63,,,,,,,,,,5.63
CEE4750A/1,18164,11.26,5.63,,,,,,,,,,5.63
CEE4750A/1,18376,9.42,4.71,,,,,,,,,,4.71
CEE4750A/1,18594,16.43,8.215,,,,,,,,,,8.215
CEE4750A/1,18669,7.51,3.755,,,,,,,,,,3.755
CEE4750A/1,18763,44.11,22.055,,,,,,,,,,22.055
CEE4751A/2,12526,34.64,17.32,,,,,,,,,,17.32
CEE4751A/2,18233,14.99,7.495,,,,,,,,,,7.495
CEE4751A/2,18372,14.99,7.495,,,,,,,,,,7.495
CEE4751A/2,18376,8.85,4.425,,,,,,,,,,4.425
CEE4751A/2,18594,14.99,7.495,,,,,,,,,,7.495
CEE4751A/2,18865,11.54,5.77,,,,,,,,,,5.77
CEE4763A/1,18306,11.32,5.66,,,,,,,,,,5.66
CEE4763A/1,18376,9.47,4.735,,,,,,,,,,4.735
CEE4763A/1,18594,16.51,8.255,,,,,,,,,,8.255
CEE4763A/1,18763,44.34,22.17,,,,,,,,,,22.17
CEE4763A/1,18865,7.04,3.52,,,,,,,,,,3.52
CEE4763A/1,18961,11.32,5.66,,,,,,,,,,5.66
CEE4780B/1,11759,10.2,,,,,,,,,,,0.0
CEE4780B/1,18594,24.8,,,,,,,,,,,0.0
CEE4780B/1,18725,11.6,,,,,,,,,,,0.0
CEE4780B/1,18763,47.7,,,,,,,,,,,0.0
CEE4780B/1,18865,5.7,,,,,,,,,,,0.0
CEE4794A/1,12526,21.13,10.565,,,,,,,,,,10.565
CEE4794A/1,18376,6.91,3.455,,,,,,,,,,3.455
CEE4794A/1,18569,7.8,3.9,,,,,,,,,,3.9
CEE4794A/1,18646,10.13,5.065,,,,,,,,,,5.065
CEE4794A/1,19033,54.03,27.015,,,,,,,,,,27.015
CEE4795A/1,11536,13.87,6.935,,,,,,,,,,6.935
CEE4795A/1,12526,32.01,16.005,,,,,,,,,,16.005
CEE4795A/1,18594,27.75,13.875,,,,,,,,,,13.875
CEE4795A/1,18615,13.87,6.935,,,,,,,,,,6.935
CEE4795A/1,18865,10.27,5.135,,,,,,,,,,5.135
CEE4795A/1,18929,2.22,1.11,,,,,,,,,,1.11
CEE4797A/1,12526,34.64,17.32,,,,,,,,,,17.32
CEE4797A/1,18372,14.99,7.495,,,,,,,,,,7.495
CEE4797A/1,18376,8.85,4.425,,,,,,,,,,4.425
CEE4797A/1,18452,14.99,7.495,,,,,,,,,,7.495
CEE4797A/1,18594,14.99,7.495,,,,,,,,,,7.495
CEE4797A/1,18865,11.54,5.77,,,,,,,,,,5.77
CF 5502 STEP JACQ/0,18993,100.0,,,,,,,,,,,0.0
CF5092/1,18845,100.0,1250.45993831764,1528.33992461045,1528.33992461045,1528.33992461045,1528.33992461045,1528.33992461045,1528.33992461045,1528.33992461045,950.960589409187,,12899.8
CF5105/0,18575,100.0,1517.6,,,,,,,,,,1517.6
CF5105/OE,18694,100.0,0.399999999999977,,,,,,,,,,0.399999999999977
CF5136/0,18638,100.0,39.5999999999999,,,,,,,,,,39.5999999999999
CF5138/0,18638,100.0,69.3,,,,,,,,,,69.3
CF5261/STR,18903,100.0,,,,,3319.01821652055,5215.6000545323,5215.6000545323,5215.6000545323,5215.6000545323,3094.38156535024,27275.8
CF5263/L,18788,100.0,,,,279.602613962817,1025.20958453033,1025.20958453033,1025.20958453033,124.768632446195,,,3480.0
CF5304/0,18788,100.0,580.0,,,,,,,,,,580.0
CF5305/0,13545,8.1,0.332100000000002,,,,,,,,,,0.332100000000002
CF5305/0,13777,1.4,0.0574000000000003,,,,,,,,,,0.0574000000000003
CF5305/0,18824,90.5,3.71050000000002,,,,,,,,,,3.71050000000002
CF5321/LYC,13545,15.3,0.0612000000000009,,,,,,,,,,0.0612000000000009
CF5321/LYC,18517,84.7,0.338800000000005,,,,,,,,,,0.338800000000005
CF5321/M2125,18517,84.7,64.5414,,,,,,,,,,64.5414
CF5321/M2125,18974,15.3,11.6586,,,,,,,,,,11.6586
CF5405/0,13561,2.7,,,,,,,,,,,0.0
CF5405/0,18811,97.3,,,,,,,,,,,0.0
CF5424/0,13561,1.5,,,,,,,,,,,0.0
CF5424/0,18573,45.3,,,,,,,,,,,0.0
CF5424/0,18804,53.2,,,,,,,,,,,0.0
CF5430/0,13560,2.6,0.3068,,,,,,,,,,0.3068
CF5432/0,13561,2.0,0.0240000000000001,,,,,,,,,,0.0240000000000001
CF5432/0,18573,20.7,0.248400000000001,,,,,,,,,,0.248400000000001
CF5432/0,18732,26.8,0.321600000000001,,,,,,,,,,0.321600000000001
CF5432/0,18804,50.5,0.606000000000001,,,,,,,,,,0.606000000000001
CF5433/0,13561,2.2,,,,,,,,,,,0.0
CF5433/0,18795,44.4,,,,,,,,,,,0.0
CF5433/0,18804,53.4,,,,,,,,,,,0.0
CF5434/0,13561,2.1,0.00629999999999994,,,,,,,,,,0.00629999999999994
CF5434/0,18573,21.8,0.0653999999999994,,,,,,,,,,0.0653999999999994
CF5434/0,18804,76.1,0.228299999999998,,,,,,,,,,0.228299999999998
CF5439/0,18811,50.0,1.6,,,,,,,,,,1.6
CF5439/0,18813,50.0,1.6,,,,,,,,,,1.6
CF5439/BKT2,18811,50.0,,,,,,,,,,,0.0
CF5439/BKT2,18813,50.0,,,,,,,,,,,0.0
CF5446/0,13794,29.2,,,,,,,,,,,0.0
CF5446/0,18573,20.4,,,,,,,,,,,0.0
CF5446/0,18732,28.8,,,,,,,,,,,0.0
CF5446/0,18763,21.6,,,,,,,,,,,0.0
CF5451/0,13561,3.3,0.00989999999999991,,,,,,,,,,0.00989999999999991
CF5451/0,18774,96.7,0.290099999999997,,,,,,,,,,0.290099999999997
CF5461/1,13561,2.9,,,,,,,,,,,0.0
CF5461/1,14242,32.7,,,,,,,,,,,0.0
CF5461/1,18419,20.7,,,,,,,,,,,0.0
CF5461/1,18573,43.7,,,,,,,,,,,0.0
CF5461/2,13561,2.9,,,,,,,,,,,0.0
CF5461/2,14242,32.7,,,,,,,,,,,0.0
CF5461/2,18024,20.7,,,,,,,,,,,0.0
CF5461/2,18573,43.7,,,,,,,,,,,0.0
CF5462/0,18334,16.3,0.146700000000001,,,,,,,,,,0.146700000000001
CF5462/0,18573,82.6,0.743400000000005,,,,,,,,,,0.743400000000005
CF5462/0,18599,1.1,0.00990000000000006,,,,,,,,,,0.00990000000000006
CF5463/0,13561,1.7,0.0408,,,,,,,,,,0.0408
CF5463/0,14223,53.6,1.2864,,,,,,,,,,1.2864
CF5463/0,18573,44.7,1.0728,,,,,,,,,,1.0728
CF5474/R,19095,100.0,300.3,,,,,,,,,,300.3
CF5475/R,19095,100.0,1160.0,,,,,,,,,,1160.0
CF5476/0,18745,75.0,150.0,,,,,,,,,,150.0
CF5476/0,18817,25.0,50.0,,,,,,,,,,50.0
CF5482/0,13545,18.3,0.5856,,,,,,,,,,0.5856
CF5482/0,18415,81.7,2.6144,,,,,,,,,,2.6144
CF5487/0,13561,1.7,0.3366,,,,,,,,,,0.3366
CF5487/0,18573,66.0,13.068,,,,,,,,,,13.068
CF5487/0,19031,32.3,6.3954,,,,,,,,,,6.3954
CF5488/0,13545,17.5,,,,,,,,,,,0.0
CF5488/0,18415,82.5,,,,,,,,,,,0.0
CF5491/0,9296,76.2,,,,,,,,,,,0.0
CF5491/0,12150,23.8,,,,,,,,,,,0.0
CF5491/NAT48,18865,23.8,,,,,,,,,,,0.0
CF5491/NAT48,19077,76.2,,,,,,,,,,,0.0
CF5491/SP,18865,23.8,,,,,,,,,,,0.0
CF5491/SP,19077,76.2,,,,,,,,,,,0.0
CF5491/SPT,18865,23.8,,,,,,,,,,,0.0
CF5491/SPT,19077,76.2,,,,,,,,,,,0.0
CF5491/SPTL,18865,23.8,,,,,,,,,,,0.0
CF5491/SPTL,19077,76.2,,,,,,,,,,,0.0
CF5493/0,9296,100.0,,,,,,,,,,,0.0
CF5493/NAT48,19077,100.0,,,,,,,,,,,0.0
CF5493/SP,19077,100.0,,,,,,,,,,,0.0
CF5493/SPL,19077,100.0,,,,,,,,,,,0.0
CF5493/SPLL,19077,100.0,,,,,,,,,,,0.0
CF5502/0,18993,100.0,,,,,,,,,,,0.0
CF5506/0,19062,100.0,1200.0,,,,,,,,,,1200.0
CF5509/0,13560,0.9,,,,,,,,,,,0.0
CF5509/0,18612,99.1,,,,,,,,,,,0.0
CF5513/0,11648,6.1,1.83,,,,,,,,,,1.83
CF5513/0,18282,86.6,25.98,,,,,,,,,,25.98
CF5513/0,18599,7.3,2.19,,,,,,,,,,2.19
CF5513/T,11648,6.1,3.05,,,,,,,,,,3.05
CF5513/T,18282,86.6,43.3,,,,,,,,,,43.3
CF5513/T,18599,7.3,3.65,,,,,,,,,,3.65
CF5517/0,13545,15.78,,,,,,,,,,,0.0
CF5517/0,18903,84.22,,,,,,,,,,,0.0
CF5518/0,18903,77.78,,,,,,,,,,,0.0
CF5518/0,18974,22.22,,,,,,,,,,,0.0
CF5519/0,18903,77.78,37.41218,,,,,,,,,,37.41218
CF5519/0,19093,22.22,10.68782,,,,,,,,,,10.68782
CF5520/0,18903,83.3,,,,,,,,,,,0.0
CF5520/0,18974,16.7,,,,,,,,,,,0.0
CF5522/0,18415,71.43,1.28574,,,,,,,,,,1.28574
CF5522/0,18974,28.57,0.51426,,,,,,,,,,0.51426
CF5523/0,18517,85.11,,,,,,,,,,,0.0
CF5523/0,18974,14.89,,,,,,,,,,,0.0
CF5524/0,8351,22.04,54.8796,,,,,,,,,,54.8796
CF5524/0,11927,55.57,138.3693,,,,,,,,,,138.3693
CF5524/0,12428,22.39,55.7511,,,,,,,,,,55.7511
CF5525/0,18415,71.43,1.50003,,,,,,,,,,1.50003
CF5525/0,19093,28.57,0.59997,,,,,,,,,,0.59997
CF5526/0,12397,100.0,40.0,,,,,,,,,,40.0
CF5528/0,13560,3.1,,,,,,,,,,,0.0
CMR4344/3A,18376,16.5,24.882,,,,,,,,,,24.882
CMR4344/3A,18646,50.4,76.0032000000001,,,,,,,,,,76.0032000000001
CMR4344/3A,18910,16.5,24.882,,,,,,,,,,24.882
CMR4344/3A,18929,2.7,4.07160000000001,,,,,,,,,,4.07160000000001
CMR4344/3A,18962,13.9,20.9612,,,,,,,,,,20.9612
CMR4344/3S,12321,13.9,202.597395119594,247.619038479504,247.619038479504,247.619038479504,247.619038479504,247.619038479504,247.619038479504,247.619038479504,170.808935523877,,2106.7396
CMR4344/3S,18376,16.5,240.493310753475,293.936268698692,293.936268698692,293.936268698692,293.936268698692,293.936268698692,293.936268698692,293.936268698692,202.758808355681,,2500.806
CMR4344/3S,18646,50.4,734.597749210615,897.841693479641,897.841693479641,897.841693479641,897.841693479641,897.841693479641,897.841693479641,897.841693479641,619.335996431899,,7638.8256
CMR4344/3S,18910,16.5,240.493310753475,293.936268698692,293.936268698692,293.936268698692,293.936268698692,293.936268698692,293.936268698692,293.936268698692,202.758808355681,,2500.806
CMR4344/3S,18929,2.7,39.3534508505687,48.0986621506951,48.0986621506951,48.0986621506951,48.0986621506951,48.0986621506951,48.0986621506951,48.0986621506951,33.178714094566,,409.2228
CMR4649A/1,12066,1.92,0.96,,,,,,,,,,0.96
CMR4649A/1,12243,3.97,1.985,,,,,,,,,,1.985
CMR4649A/1,18426,94.11,47.055,,,,,,,,,,47.055
CMR4659A/1,12243,3.71,1.855,,,,,,,,,,1.855
CMR4659A/1,14895,2.73,1.365,,,,,,,,,,1.365
CMR4659A/1,18426,93.56,46.78,,,,,,,,,,46.78
CMR4773A/1,18372,41.46,16.584,,,,,,,,,,16.584
CMR4773A/1,18452,16.49,6.596,,,,,,,,,,6.596
CMR4773A/1,18794,31.38,12.552,,,,,,,,,,12.552
CMR4773A/1,18865,9.66,3.864,,,,,,,,,,3.864
CMR4773A/1,18929,0.99,0.396,,,,,,,,,,0.396
CSP4479A/1B,18376,23.4,125.29324353655,153.136186544672,153.136186544672,153.136186544672,153.136186544672,153.136186544672,19.777223740088,,,,910.7514
CSP4479A/1B,18469,18.3,97.9857417401225,119.760351015705,119.760351015705,119.760351015705,119.760351015705,119.760351015705,15.4668031813507,,,,712.2543
CSP4479A/1B,18646,38.5,206.144866502444,251.95483683632,251.95483683632,251.95483683632,251.95483683632,251.95483683632,32.5394493159565,,,,1498.4585
CSP4479A/1B,18894,19.8,106.017359915542,129.576773230107,129.576773230107,129.576773230107,129.576773230107,129.576773230107,16.7345739339206,,,,770.6358
CT1577/1B,13364,47.0,232.65,,,,,,,,,,232.65
CT1577/1B,18454,12.5,61.875,,,,,,,,,,61.875
CT1577/1B,18929,0.7,3.465,,,,,,,,,,3.465
CT1577/1B,18987,34.3,169.785,,,,,,,,,,169.785
CT1577/1B,19003,5.5,27.225,,,,,,,,,,27.225
CT2155/1AT,19003,100.0,4321.56626405434,5281.91432273309,5281.91432273309,5281.91432273309,5281.91432273309,5281.91432273309,5281.91432273309,5281.91432273309,4399.78737409341,4739.54610272064,50434.3
CT22150/1BA,12526,64.9,1624.55856298023,1665.02773701977,,,,,,,,,3289.5863
CT22150/1BA,18646,35.1,878.613336835227,900.500363164774,,,,,,,,,1779.1137
CT2222/1AT,11999,13.8,77.2662,,,,,,,,,,77.2662
CT2222/1AT,18426,37.1,207.7229,,,,,,,,,,207.7229
CT2222/1AT,18929,0.6,3.3594,,,,,,,,,,3.3594
CT2222/1AT,18987,41.9,234.5981,,,,,,,,,,234.5981
CT2222/1AT,19003,6.6,36.9534,,,,,,,,,,36.9534
CT2535/1L,18318,29.2,292.0,,,,,,,,,,292.0
CT2535/1L,18372,14.0,140.0,,,,,,,,,,140.0
CT2535/1L,18646,15.4,154.0,,,,,,,,,,154.0
CT2535/1L,18763,40.7,407.0,,,,,,,,,,407.0
CT2535/1L,18929,0.7,7.0,,,,,,,,,,7.0
CT2552/1L,12243,2.8,36.38124,,,,,,,,,,36.38124
CT2552/1L,18426,97.2,1262.94876,,,,,,,,,,1262.94876
CT2876/2,11999,13.8,138.0,,,,,,,,,,138.0
CT2876/2,18086,29.6,296.0,,,,,,,,,,296.0
CT2876/2,18753,14.3,143.0,,,,,,,,,,143.0
CT2876/2,18763,41.6,416.0,,,,,,,,,,416.0
CT2876/2,18929,0.7,7.0,,,,,,,,,,7.0
CT2913/2DL,18426,36.5,730.0,,,,,,,,,,730.0
CT2913/2DL,18904,16.5,330.0,,,,,,,,,,330.0
CT2913/2DL,18929,0.7,14.0,,,,,,,,,,14.0
CT2913/2DL,18987,38.8,776.0,,,,,,,,,,776.0
CT2913/2DL,19003,7.5,150.0,,,,,,,,,,150.0
CT3085/1DU,18233,19.1,,493.172000691777,270.827999308223,,,,,,,,764.0
CT3085/1DU,18763,28.1,,725.55671305963,398.44328694037,,,,,,,,1124.0
CT3085/1DU,19003,9.0,,232.384712367853,127.615287632147,,,,,,,,360.0
CT3085/1DU,19030,43.8,,1130.93893352355,621.061066476448,,,,,,,,1752.0
CT4648/0,18992,100.0,,,,,,,,,,,0.0
CT4785/1,19003,100.0,2768.54920829292,2043.49347680246,895.457314904611,,,,,,,,5707.5
CV4787A/1,18993,100.0,25.0,,,,,,,,,,25.0
CV4788A/1,18372,100.0,50.0,,,,,,,,,,50.0
CV4789A/1,18372,100.0,50.0,,,,,,,,,,50.0
CV4790A/1,18993,100.0,40.0,,,,,,,,,,40.0
CV4791A/1,18993,100.0,40.0,,,,,,,,,,40.0
CV4792A/1,18372,100.0,50.0,,,,,,,,,,50.0
CV4802A/1,18208,66.3,33.15,,,,,,,,,,33.15
CV4802A/1,18372,100.0,50.0,,,,,,,,,,50.0
DFF446J/B,18884,100.0,8855.89230284969,8593.78803364997,5411.93418507481,5411.93418507481,2586.25129335073,,,,,,30859.8
DFF505J/F,19089,100.0,2648.67960388992,2451.32039611008,,,,,,,,,5100.0
DFF505R/F,13545,1.3,3.9,,,,,,,,,,3.9
DFF505R/F,19089,98.7,296.1,,,,,,,,,,296.1
FAB310-40/0,18659,100.0,77.2000000000007,,,,,,,,,,77.2000000000007
JB38/2,18703,100.0,2435.9,,,,,,,,,,2435.9
JC24/4,19045,100.0,62.8999999999996,,,,,,,,,,62.8999999999996
JC24/5,19076,100.0,31.4000000000001,,,,,,,,,,31.4000000000001
KBDU600K/1,19069,50.0,728.0,,,,,,,,,,728.0
KBDU600K/1,19070,50.0,728.0,,,,,,,,,,728.0
